시도,시군구,구분,총합계,단독주거시설,공동주거시설,공업시설,상업업무시설,혼합지역,문화체육휴양시설,공항,항만,철도,도로,기타교통통신시설,환경기초시설,교육행정시설,기타공공시설,경지정리가 된 논,경지정리가 안 된 논,경지정리가 된 밭,경지정리가 안 된 밭,시설재배지,과수원,목장양식장,기타재배지,활엽수림,침엽수림,혼효림,자연초지,골프장,묘지,기타초지,내륙습지,갯벌,염전,해변,강기슭,암벽바위,채광지역,운동장,기타나지,하천,호소,해양수
전국,  면적(㎡)  ,  면적(㎡)  ,100873282127.58998,529212626.8200003,197290490.69999996,394280326.56,632816147.2700006,36424.200000000004,103043498.34999998,1396502.1499999997,48400496.67000001,61862677.43000001,5598800746.740001,875733.2400000001,14104670.190000001,72467632.19000001,335325136.47999996,5531379689.280003,2096026894.8699994,1328679918.52,5810514735.629998,823375880.4899999,1419872995.2200003,178145836.73999995,51842896.889999956,28668254477.0,21876426992.87999,7162246300.060002,250444434.59,181217946.09000003,921612564.72,9545899786.560003,1245323199.6,35521388.410000004,34191005.56,62841102.000000015,225962795.1100001,365398423.5099999,78241100.16,50586751.15000002,2584684743.5299973,1178841836.6000009,1107691308.1800003,68144015.24999999
전국,  비율(%)  ,  비율(%)  ,1.0,0.005246311170391219,0.001955825036509234,0.003908669552967385,0.006273377190895608,3.6108867711797764e-07,0.0010215142818458607,1.3844123245971398e-05,0.0004798148295480308,0.000613271186633471,0.05550330700708573,8.681518252695746e-06,0.00013982562966633377,0.0007184026400403928,0.0033242215322771256,0.05483493322130249,0.02077881130326295,0.013171772450502937,0.05760211835162204,0.008162477349042232,0.014075808432842188,0.001766035891591903,0.0005139408156108796,0.28420067110276875,0.21687037966316494,0.07100241162968016,0.0024827628219058475,0.001796491025847516,0.009136339626129093,0.09463258838436359,0.012345421635283443,0.0003521387195974315,0.0003389500652586417,0.0006229707279724992,0.002240065856330422,0.0036223508921601677,0.0007756374979554688,0.0005014881055026559,0.025623085608146946,0.01168636344268979,0.010981017815787262,0.0006755407756417378
서울특별시,종로구,  면적(㎡)  ,23990643.009999998,1209624.4500000002,576353.28,1196.8,1615747.6199999999,30.07,311887.85000000003,0.0,0.0,0.0,5708891.76,0.0,424.76,311838.98,176718.69999999998,0.0,0.0,0.0,69511.29000000001,1917.09,0.0,13.82,7381.34,5358135.9799999995,2624111.02,2258017.7800000003,13978.73,0.0,447.21,2000640.15,23382.27,0.0,0.0,0.0,8106.81,1047133.48,0.0,85663.27000000002,511136.3300000001,39578.8,28773.370000000003,0.0
서울특별시,종로구,  비율(%)  ,1.0,0.05042067649023803,0.02402408638066763,4.988611599535448e-05,0.06734907519262862,1.253405337550392e-06,0.013000395607153844,0.0,0.0,0.0,0.23796326582911378,0.0,1.7705236154902044e-05,0.012998358562962086,0.007366151041734833,0.0,0.0,0.0,0.0028974333856339606,7.990990484085404e-05,0.0,5.760579236763026e-07,0.0003076757883030998,0.2233427414916129,0.10938060388403072,0.09412076946244387,0.0005826742532150246,0.0,1.864101765899271e-05,0.08339251887354894,0.000974641237846505,0.0,0.0,0.0,0.00033791549466268353,0.04364757874824465,0.0,0.003570695039907562,0.021305653616159582,0.0016497598661070654,0.001199358015873373,0.0
서울특별시,중구,  면적(㎡)  ,9990180.9,374018.81,315433.17000000004,228.4,2037073.74,83.73,148691.72,0.0,0.0,14922.6,4475764.42,846.2,35.0,161063.27999999997,105241.98,0.0,0.0,0.0,3248.2599999999998,821.84,0.0,0.0,1228.61,979663.6900000001,54498.69,98635.97,5792.700000000001,0.0,0.0,873768.9999999999,3115.45,0.0,0.0,0.0,0.0,8031.72,0.0,53765.04,259836.70999999996,12262.59,2107.58,0.0
서울특별시,중구,  비율(%)  ,1.0,0.03743864237733673,0.031574320140689345,2.286244886716716e-05,0.2039075929045489,8.381229613169468e-06,0.014883786538840352,0.0,0.0,0.0014937267051890921,0.4480163537378988,8.470317089052912e-05,3.503440062832095e-06,0.016122158508661236,0.010534541972107831,0.0,0.0,0.0,0.0003251452633855709,8.226477660679798e-05,0.0,0.0,0.0001229817570170326,0.09806265770422636,0.005455225540510483,0.009873291683837276,0.0005798393500562138,0.0,0.0,0.08746278057887819,0.00031185120982143576,0.0,0.0,0.0,0.0,0.0008039614177557085,0.0,0.005381788431879146,0.026009209703099567,0.001227464259430978,0.00021096514878924763,0.0
서울특별시,용산구,  면적(㎡)  ,21892570.490000002,1151701.18,804262.4099999999,11917.499999999998,1254619.0499999998,0.0,253669.7,0.0,0.0,320119.12,6339950.72,6906.77,5557.389999999999,184944.12999999998,100607.06999999999,0.0,0.0,0.0,14611.840000000002,0.0,0.0,0.0,0.0,2556733.49,1233335.3699999999,857010.3100000002,23727.499999999996,0.0,1055.1399999999999,2221010.8699999996,976.98,0.0,0.0,0.0,3207.6099999999997,0.0,0.0,91467.62,729417.5,3703226.1500000004,22535.07,0.0
서울특별시,용산구,  비율(%)  ,1.0,0.052606941726010166,0.0367367738003798,0.0005443627556409433,0.05730798265891525,0.0,0.011587022187087176,0.0,0.0,0.014622271977894176,0.28959371047342003,0.00031548465280286964,0.00025384821771104866,0.008447803335130427,0.004595489143038496,0.0,0.0,0.0,0.0006674337308482957,0.0,0.0,0.0,0.0,0.11678544057527893,0.05633579531299706,0.03914617108993491,0.00108381516966398,0.0,4.8196259113655124e-05,0.10145043822124514,4.462609817546372e-05,0.0,0.0,0.0,0.00014651591513500703,0.0,0.0,0.004178021034203371,0.03331803820538937,0.16915446962665004,0.001029347833334303,0.0
서울특별시,성동구,  면적(㎡)  ,16817152.709999997,668230.86,692341.76,88578.37,1446696.94,0.0,241732.65999999995,0.0,0.0,296179.38,6443042.679999999,0.0,282030.17000000004,272674.3,156797.02000000002,0.0,0.0,0.0,16149.46,1504.68,0.0,17.16,276.89,541811.45,17466.7,43834.33,54839.46000000001,0.0,0.0,2488521.3499999996,91198.85999999999,0.0,0.0,0.0,10241.51,11169.93,0.0,89825.5,527433.25,2313162.5,21395.54,0.0
서울특별시,성동구,  비율(%)  ,1.0,0.039735077127690546,0.041168785937723704,0.0052671442976984185,0.08602508194741844,0.0,0.014374172856042287,0.0,0.0,0.01761174350423081,0.3831232784232712,0.0,0.016770387643105376,0.016214058628239693,0.009323636569391659,0.0,0.0,0.0,0.0009602969229385086,8.947293432765649e-05,0.0,1.0203867620109162e-06,1.646473721055959e-05,0.032217787359320474,0.0010386240941734307,0.002606525061399648,0.003260924185304613,0.0,0.0,0.1479751889581313,0.005422966751426972,0.0,0.0,0.0,0.0006089919129954788,0.0006641986424585427,0.0,0.005341302511131209,0.03136281504337961,0.13754780847203238,0.0012722450921955149,0.0
서울특별시,광진구,  면적(㎡)  ,17049029.6,1164724.64,1029144.1399999999,1068.3000000000002,1137173.76,373.85,269485.44,0.0,0.0,40438.020000000004,6623066.02,0.0,6754.23,302711.8,136853.67,0.0,0.0,0.0,20136.559999999998,1622.67,0.0,0.0,0.0,928195.25,1137122.26,215222.68,12223.42,0.0,563.49,1492781.6800000004,14672.73,0.0,0.0,0.0,1413.55,414754.45,0.0,113176.42,259005.08000000002,1673736.73,52608.759999999995,0.0
서울특별시,광진구,  비율(%)  ,1.0,0.06831618381376967,0.06036379572008015,6.266045781280127e-05,0.06670020445034595,2.1927934244421745e-05,0.01580649728005634,0.0,0.0,0.0023718663729694034,0.38847172979276184,0.0,0.00039616506971165087,0.017755368317267744,0.008027065071199126,0.0,0.0,0.0,0.001181097134114894,9.517667797350765e-05,0.0,0.0,0.0,0.05444270270960172,0.06669718375056372,0.012623749565195193,0.0007169569346046534,0.0,3.305114796680275e-05,0.0875581610814964,0.0008606196566167026,0.0,0.0,0.0,8.291087722670151e-05,0.024327158772719824,0.0,0.006638291014522023,0.015191778422391852,0.0981719645791453,0.0030857333956414734,0.0
서울특별시,동대문구,  면적(㎡)  ,14277374.160000004,1024853.1,870887.48,4794.45,1632754.1600000001,0.0,213967.15999999997,0.0,0.0,184981.54,6496143.700000001,0.0,4310.299999999999,337973.56999999995,194743.95,0.0,0.0,0.0,9423.490000000002,2736.44,0.0,0.0,0.0,742594.16,107074.91,116184.74,1850.77,0.0,704.95,1535997.6,16526.71,0.0,0.0,0.0,5071.13,2643.14,0.0,115056.55000000002,541782.83,107755.72999999998,6561.6,0.0
서울특별시,동대문구,  비율(%)  ,1.0,0.0717816237436198,0.060997734614247845,0.0003358075474012792,0.11435955531475682,0.0,0.01498645042163691,0.0,0.0,0.012956271785483553,0.4549956894874848,0.0,0.0003018972502714041,0.023671969804285067,0.013640039675194724,0.0,0.0,0.0,0.0006600296311069009,0.00019166269436760348,0.0,0.0,0.0,0.052011956237756805,0.0074996220453467455,0.008137682650743109,0.0001296295788888956,0.0,4.937532574967552e-05,0.10758263969177927,0.0011575454852406834,0.0,0.0,0.0,0.0003551864609815618,0.00018512787928505188,0.0,0.008058663218503197,0.037946951864431616,0.007547307284408939,0.0004595803070275493,0.0
서울특별시,중랑구,  면적(㎡)  ,18537445.41,1160831.17,1139196.5399999998,7468.84,1134274.8000000003,0.0,245916.22999999995,0.0,0.0,260443.16000000003,7067758.390000001,1751.04,5783.700000000001,218494.88,161119.71,0.0,0.0,0.0,192630.37,3595.81,117942.42000000001,971.4200000000001,1083.19,2353259.06,953567.99,222952.24999999997,14273.89,0.0,541322.34,1788899.5999999999,30495.52,0.0,0.0,0.0,22218.92,239690.17,0.0,121142.22000000002,299042.77,230654.61000000004,664.4,0.0
서울특별시,중랑구,  비율(%)  ,1.0,0.06262088137418283,0.061453804167939004,0.00040290556950047413,0.06118830156544209,0.0,0.013265917960159752,0.0,0.0,0.01404957124564231,0.3812692759805678,9.445961734594799e-05,0.0003120009187932654,0.01178667692162876,0.008691581090946015,0.0,0.0,0.0,0.01039141940755687,0.000193975486938467,0.006362387987741619,5.2403121277755396e-05,5.843253889857308e-05,0.12694624356010445,0.05144009699878059,0.012027129146917335,0.0007700030767076444,0.0,0.029201560842249837,0.09650194837714696,0.0016450767258119198,0.0,0.0,0.0,0.0011985966517271053,0.012930053990648543,0.0,0.006535000768479675,0.016131822016785646,0.012442631921417485,3.584096866128006e-05,0.0
서울특별시,성북구,  면적(㎡)  ,24578799.45,1640334.6400000001,1362784.3,1982.08,1177347.9700000002,0.0,290876.23,0.0,0.0,45332.05,7950487.170000001,0.0,4246.8,541462.9400000001,239942.39,0.0,0.0,0.0,85064.3,382.47,1626.5,98.06,0.0,4347057.55,1567082.6400000001,1683802.94,5058.73,0.0,1116.15,2555601.66,29117.260000000002,0.0,0.0,0.0,22148.559999999998,110373.12999999999,0.0,160849.14,695158.5599999999,57591.49,1873.74,0.0
서울특별시,성북구,  비율(%)  ,1.0,0.06673778527453668,0.05544551932946424,8.064185575996471e-05,0.0479009551461229,0.0,0.011834436038738254,0.0,0.0,0.0018443557461875952,0.3234693047629713,0.0,0.0001727830526726561,0.022029674032756717,0.009762168835304933,0.0,0.0,0.0,0.003460880999214142,1.5560971591718653e-05,6.617491644816687e-05,3.989617157643556e-06,0.0,0.17686207818421334,0.06375749324892271,0.06850631347659253,0.0002058168060767508,0.0,4.5411086992696876e-05,0.10397585387353003,0.0011846493991389804,0.0,0.0,0.0,0.0009011245665214945,0.0044905826350277655,0.0,0.006544222809873654,0.028282852521505072,0.002343136820704235,7.623399197392451e-05,0.0
서울특별시,강북구,  면적(㎡)  ,23638413.380000003,1182784.9,1103630.8699999999,3751.75,952198.0900000001,0.0,142882.66,0.0,0.0,0.0,5227910.58,0.0,1410.5500000000002,180958.59000000003,166425.62999999998,0.0,0.0,0.0,84059.31,468.01,0.0,177.0,375.13,8119555.84,1421167.35,3079622.7,4191.7,0.0,8644.69,1056934.97,50353.74,0.0,0.0,0.0,9281.16,449462.04999999993,0.0,78632.36000000002,282212.65,20522.750000000004,10798.35,0.0
서울특별시,강북구,  비율(%)  ,1.0,0.05003656044871146,0.04668802648716518,0.00015871412093902554,0.04028181057217809,0.0,0.006044511435817863,0.0,0.0,0.0,0.221161653109224,0.0,5.967194063851336e-05,0.007655276481166267,0.00704047379680776,0.0,0.0,0.0,0.0035560470429509,1.9798706134650053e-05,0.0,7.487812195963889e-06,1.5869508412835784e-05,0.3434898827376374,0.06012109726460837,0.1302804317063686,0.00017732577616848494,0.0,0.00036570517069111345,0.04471260202659168,0.0021301658106462978,0.0,0.0,0.0,0.000392630412659278,0.019014053218152152,0.0,0.003326465221499566,0.011938730635736094,0.0008681949025125307,0.00045681365438580035,0.0
서울특별시,도봉구,  면적(㎡)  ,20705081.580000002,620492.12,1137500.0699999998,13913.8,827166.63,0.0,171046.52999999997,0.0,0.0,94384.49,5610586.029999999,0.0,6838.290000000001,242247.6,177183.94999999995,0.0,5297.71,0.0,215893.41999999998,11825.460000000001,14462.85,524.5600000000001,5906.549999999999,6797971.76,552324.0399999999,1506806.96,10185.73,0.0,230446.02,1136395.2899999998,63583.50000000001,0.0,0.0,0.0,30634.14,415954.31999999995,0.0,165056.88000000003,491482.93999999994,144988.96000000002,3980.98,0.0
서울특별시,도봉구,  비율(%)  ,1.0,0.029968107954685002,0.05493820758952063,0.0006719992841486789,0.03994993339214846,0.0,0.00826108940160959,0.0,0.0,0.00455851814132287,0.2709762822388261,0.0,0.0003302710966666957,0.011699910433291806,0.008557510353938917,0.0,0.0002558652077525405,0.0,0.010427074105737474,0.000571138053926953,0.0006985169290021218,2.5334843428325193e-05,0.0002852705495111601,0.32832383363156975,0.02667577221881199,0.07277474151347922,0.0004919434854986937,0.0,0.011129925719423317,0.054884849673700234,0.003070912797630233,0.0,0.0,0.0,0.0014795469354533205,0.020089479888926856,0.0,0.007971805344608549,0.023737309998080186,0.007002578542846775,0.0001922706744534353,0.0
서울특별시,노원구,  면적(㎡)  ,35591266.32999998,444925.94,1454263.04,4224.99,1024363.6700000002,0.0,541368.6900000001,0.0,0.0,269920.54,9252939.049999999,1035.44,13312.86,591309.6500000001,329486.88,0.0,4976.87,0.0,195203.86,8318.97,69952.45,637.76,22732.640000000003,9628463.549999999,3878277.4299999997,1457332.58,25685.920000000002,308508.23,34669.990000000005,3848943.3499999996,41610.719999999994,0.0,0.0,0.0,50664.58,545000.57,0.0,357717.0799999999,814421.05,336321.5000000001,34676.48,0.0
서울특별시,노원구,  비율(%)  ,1.0,0.012500986502550222,0.04086010951440065,0.00011870861690691638,0.028781321251740936,0.0,0.015210717286102259,0.0,0.0,0.00758389818157392,0.25997779804200644,2.9092530465183944e-05,0.0003740485060734844,0.016613897480281095,0.009257520565439239,0.0,0.00013983402427592136,0.0,0.005484600019287936,0.0002337362745923967,0.0019654386374287802,1.791900277126218e-05,0.0006387139976764073,0.2705288275141854,0.108967109909517,0.04094635370620714,0.0007216916577747408,0.008668088039900887,0.0009741151011189666,0.10814291670076695,0.0011691272688695033,0.0,0.0,0.0,0.0014235115865291559,0.015312761421490007,0.0,0.010050698300062427,0.022882609526976065,0.00944955138380434,0.0009742974492248143,0.0
서울특별시,은평구,  면적(㎡)  ,29795876.919999994,1285421.5599999998,2077987.97,3949.2200000000003,1087303.8699999999,0.0,220870.87000000005,0.0,0.0,100546.0,7740181.32,0.0,3933.27,275813.94,204859.85,0.0,0.0,0.0,318794.55000000005,5395.860000000001,3113.1000000000004,1644.06,66549.29,6885793.22,2929816.05,1766620.77,8911.080000000002,0.0,43353.119999999995,2058346.29,71673.15,0.0,0.0,0.0,44426.2,1795644.69,0.0,129486.35999999999,585387.25,69709.38,10344.630000000001,0.0
서울특별시,은평구,  비율(%)  ,1.0,0.04314092058613592,0.0697407891561394,0.00013254249944055687,0.03649175598755964,0.0,0.007412799784111878,0.0,0.0,0.0033744937351553547,0.2597735700406431,0.0,0.000132007190476742,0.009256782095742395,0.006875442885941416,0.0,0.0,0.0,0.010699284026979398,0.00018109418341630073,0.00010448089876188148,5.517743291846033e-05,0.0022335066753927245,0.23109886104335542,0.09832957955445872,0.05929077955125344,0.0002990709091706103,0.0,0.0014550039965730939,0.06908158117066086,0.0024054720789872296,0.0,0.0,0.0,0.001491018375437698,0.060264871372008616,0.0,0.004345781141050572,0.01964658571961909,0.002339564637992202,0.0003471832706174302,0.0
서울특별시,서대문구,  면적(㎡)  ,17687798.689999998,1133320.8599999999,1137229.6800000002,1904.5099999999998,892872.5599999999,0.0,206194.19999999995,0.0,0.0,76607.98000000001,6247783.389999999,0.0,450.31,443672.2200000001,140822.57000000004,0.0,0.0,0.0,39854.25,1373.02,0.0,0.0,2405.1800000000003,3518014.38,1076779.3,281172.28,43.94,0.0,1130.28,1760866.0899999999,35524.84,0.0,0.0,0.0,16280.83,284690.48,0.0,119563.64000000001,231286.59,37955.310000000005,0.0,0.0
서울특별시,서대문구,  비율(%)  ,1.0,0.0640735955820628,0.06429458520708663,0.00010767365873949802,0.05047957496852312,0.0,0.011657425755109608,0.0,0.0,0.004331120075632205,0.35322560480814696,0.0,2.545879269049958e-05,0.025083518179728908,0.007961565623178181,0.0,0.0,0.0,0.0022532057662173676,7.762526157515874e-05,0.0,0.0,0.00013597961183037417,0.19889498075240702,0.06087695359223925,0.015896397563534236,2.484198331861499e-06,0.0,6.390167707183466e-05,0.09955258542124441,0.002008437602813988,0.0,0.0,0.0,0.0009204554102712938,0.016095303038526385,0.0,0.0067596676158235966,0.013076052823394047,0.0021458470138208028,0.0,0.0
서울특별시,마포구,  면적(㎡)  ,23862371.760000005,898451.3300000001,1197997.6799999997,5293.8,1617769.52,1486.83,304163.82,0.0,10502.4,179385.02999999997,8965928.580000002,738.7,25289.059999999998,277425.20999999996,164199.19999999998,0.0,0.0,0.0,62620.39,72.48,0.0,0.0,0.0,576718.11,83223.56,73445.51000000001,56609.84,84399.26,4303.81,4509465.46,126535.09999999999,0.0,0.0,0.0,14818.77,0.0,0.0,160926.9,322077.11999999994,4118019.3699999996,20504.92,0.0
서울특별시,마포구,  비율(%)  ,1.0,0.03765138432324884,0.05020446802392787,0.00022184718490028248,0.06779583925147932,6.230855905498639e-05,0.012746587935984781,0.0,0.00044012389487640757,0.007517485344885094,0.3757350136933748,3.095668810416689e-05,0.0010597881993604475,0.011626053469883577,0.006881093030125516,0.0,0.0,0.0,0.0026242315990135253,3.0374181044944038e-06,0.0,0.0,0.0,0.02416851584580291,0.0034876482873134143,0.003077879715339746,0.0023723475842788557,0.0035369183268478244,0.00018035969111898536,0.1889780909188215,0.005302704243846713,0.0,0.0,0.0,0.0006210099376978274,0.0,0.0,0.006743960810708615,0.013497280288788858,0.17257376640585867,0.000859299327251785,0.0
서울특별시,양천구,  면적(㎡)  ,17462671.16,579168.97,1693755.3599999999,6265.529999999999,1091240.5,0.0,338652.75,0.0,0.0,47673.45,8036683.63,0.0,19052.819999999996,269839.98,179483.49,0.0,0.0,0.0,90846.45999999999,9711.97,0.0,16.21,14330.4,1480240.9,366958.02,221163.51,8927.95,0.0,8454.42,2352072.82,7611.3099999999995,0.0,0.0,0.0,0.0,636.18,0.0,235792.41999999998,269091.57,106459.52000000002,28541.02,0.0
서울특별시,양천구,  비율(%)  ,1.0,0.03316611557839127,0.09699291388362832,0.00035879562425431363,0.06248989573253809,0.0,0.0193929523666298,0.0,0.0,0.0027300204855944844,0.46022075067237306,0.0,0.0010910598857088022,0.015452388556574067,0.010278123452907075,0.0,0.0,0.0,0.005202323239533533,0.0005561560376997903,0.0,9.282657762651244e-07,0.0008206304676242898,0.08476600666859262,0.02101385387365904,0.012664930122866725,0.0005112591262927957,0.0,0.0004841424271543117,0.13469146835838372,0.00043586172643704524,0.0,0.0,0.0,0.0,3.6430852655419294e-05,0.0,0.013502654767966207,0.015409530852094452,0.006096405242048892,0.0016344017326155732,0.0
서울특별시,강서구,  면적(㎡)  ,41457278.79000001,814663.6199999999,2218553.6100000003,7205.360000000001,2335287.34,0.0,367102.61,113353.31,0.0,151194.59999999998,14001980.839999998,872.87,208687.93,377931.16,283423.53,0.0,1867507.48,0.0,987380.4300000002,185545.36999999997,11392.47,10294.529999999999,7421.91,2486186.01,506472.13000000006,254230.2,32629.82,243174.63,27433.699999999997,8373939.5200000005,235644.95,0.0,0.0,0.0,25100.71,7076.6900000000005,0.0,262211.85000000003,1603659.2399999998,3276567.2600000007,173153.11,0.0
서울특별시,강서구,  비율(%)  ,1.0,0.01965067760782472,0.05351421209380347,0.00017380204900805066,0.056329971675885764,0.0,0.008854961558368119,0.0027342197391726102,0.0,0.0036469976904627403,0.33774481221805236,2.1054686305425012e-05,0.005033806754589451,0.009116159358031997,0.006836520347504458,0.0,0.045046552366829855,0.0,0.023816817186712413,0.004475580052899076,0.00027480023611072126,0.00024831658759241,0.00017902549845578031,0.05996983117472963,0.012216723933220798,0.006132341712242903,0.0007870709547841984,0.00586566791399383,0.0006617342189525796,0.2019896086865184,0.005684042872028552,0.0,0.0,0.0,0.0006054596619123634,0.00017069837207228815,0.0,0.006324868820460273,0.038682211828790405,0.079034788477008,0.004176663665676161,0.0
서울특별시,구로구,  면적(㎡)  ,20097913.600000005,893084.3900000001,1323877.97,144335.0,1558484.2899999998,0.0,265500.22000000003,0.0,0.0,509161.04,7727625.84,1979.02,3377.6399999999994,282160.55000000005,194680.44,0.0,0.0,0.0,298779.83,17876.97,5408.51,1065.39,259.07,2935711.81,237275.63999999998,141294.61,39667.450000000004,0.0,20911.859999999997,2405158.0500000003,30864.76,0.0,0.0,0.0,1623.5500000000002,1781.54,0.0,209977.48,587969.0099999999,234650.13999999996,23371.53,0.0
서울특별시,구로구,  비율(%)  ,1.0,0.044436671774725905,0.06587141314011817,0.007181591227459549,0.0775445810454673,0.0,0.013210337415322551,0.0,0.0,0.025334024721849726,0.38449890838420153,9.846892764032976e-05,0.00016805923576067113,0.014039295601310574,0.009686599508518136,0.0,0.0,0.0,0.01486621128672779,0.0008894938228811968,0.0002691080331841012,5.300998010062098e-05,1.2890392761963108e-05,0.14607047619112062,0.01180598368180864,0.007030312340480952,0.0019737098481705084,0.0,0.0010404990496127912,0.11967202655304478,0.001535719608228388,0.0,0.0,0.0,8.078201709455053e-05,8.864303208070312e-05,0.0,0.01044772528029974,0.029255226273835696,0.011675348231171612,0.0011628833950206648,0.0
서울특별시,금천구,  면적(㎡)  ,13020289.110000003,688990.8600000001,756151.4099999999,218366.43,1390905.27,0.0,100150.17999999998,0.0,0.0,189298.91,5101192.58,1670.99,5985.31,145003.09,89617.38,0.0,0.0,0.0,19781.43,117.74,2086.39,0.0,0.0,2050481.9100000001,230820.69000000003,382564.9,26563.680000000004,0.0,9368.31,831209.1799999999,14743.56,0.0,0.0,0.0,20692.93,90070.4,0.0,108923.70999999999,285724.56,257732.02000000002,2075.29,0.0
서울특별시,금천구,  비율(%)  ,1.0,0.05291670977342837,0.0580748556051072,0.016771242800767572,0.10682598967266708,0.0,0.0076918553154922955,0.0,0.0,0.014538763955295917,0.3917879654517133,0.0001283373960349794,0.0004596910214077419,0.011136702785549742,0.006882902464214175,0.0,0.0,0.0,0.0015192773242498295,9.042809956468007e-06,0.00016024144950802858,0.0,0.0,0.1574835929276842,0.017727769948112926,0.029382212389291555,0.002040175895909887,0.0,0.0007195162811557567,0.06383953328360462,0.0011323527362135507,0.0,0.0,0.0,0.001589283450250514,0.006917695854450959,0.0,0.008365690583348342,0.021944563410696793,0.01979464648001199,0.00015938893387598514,0.0
서울특별시,영등포구,  면적(㎡)  ,24523730.320000008,884390.9700000001,926791.39,133470.77,2378851.7800000003,0.0,298967.13999999996,0.0,0.0,131477.22,9791544.46,0.0,23601.65,229474.44000000003,170560.52,0.0,0.0,0.0,12032.630000000001,0.0,0.0,886.08,0.0,206226.16,0.0,110783.05,17329.56,0.0,0.0,3532489.9499999997,92924.78,0.0,0.0,0.0,26740.960000000003,0.0,0.0,170985.49,431247.51,4944610.029999999,8343.78,0.0
서울특별시,영등포구,  비율(%)  ,1.0,0.03606266087825744,0.0377916156272591,0.005442514995002602,0.09700203635251847,0.0,0.01219093246006629,0.0,0.0,0.005361224344111119,0.39926815098005847,0.0,0.0009624004868766634,0.00935724039555496,0.006954917452378833,0.0,0.0,0.0,0.0004906525166845008,0.0,0.0,3.61315341686566e-05,0.0,0.008409249217351528,0.0,0.004517381677030282,0.0007066445346557699,0.0,0.0,0.1440437447283101,0.0037891780242019875,0.0,0.0,0.0,0.001090411599339427,0.0,0.0,0.006972246382131964,0.01758490671577406,0.20162552619360224,0.0003402329046652148,0.0
서울특별시,동작구,  면적(㎡)  ,16375774.409999998,987728.2599999999,1354744.73,2642.09,969961.74,0.0,220592.09999999998,0.0,0.0,88344.06999999999,6240205.529999999,390.17,6170.2,294205.99,143685.15000000002,0.0,0.0,0.0,24658.99,844.24,0.0,0.0,0.0,2129739.2600000002,239636.66999999998,320900.4799999999,2901.44,0.0,311268.64,2072264.25,10677.82,0.0,0.0,0.0,0.0,0.0,0.0,158757.35000000003,496335.95000000007,286289.45,12829.84,0.0
서울특별시,동작구,  비율(%)  ,1.0,0.060316430555909205,0.08272859017725075,0.0001613413774426806,0.05923150354389867,0.0,0.013470636226235117,0.0,0.0,0.005394802577767069,0.38106323241662193,2.3826048785927313e-05,0.0003767882877179914,0.017965928366742812,0.008774250695115678,0.0,0.0,0.0,0.001505821305460937,5.1554203108981404e-05,0.0,0.0,0.0,0.13005426227045835,0.014633608402278913,0.01959604913731832,0.0001771787963950097,0.0,0.01900787298400504,0.12654450397988842,0.0006520497738097506,0.0,0.0,0.0,0.0,0.0,0.0,0.009694646862199908,0.030309158979187484,0.01748249840478842,0.0007834646276126859,0.0
서울특별시,관악구,  면적(㎡)  ,29585148.019999992,1480225.3699999999,1503798.92,666.77,1205952.6700000002,0.0,250806.54000000004,0.0,0.0,20463.519999999997,7298462.489999999,834.96,7933.16,547273.3499999999,181815.81000000003,0.0,0.0,0.0,100268.59999999999,1213.78,0.0,0.0,887.54,7525217.739999999,3659292.7099999995,1767123.8999999997,5906.3099999999995,0.0,16899.88,1350976.0599999996,14267.95,0.0,0.0,0.0,44488.74,1958729.6899999997,0.0,175804.05999999994,400962.2299999999,60430.79,4444.48,0.0
서울특별시,관악구,  비율(%)  ,1.0,0.05003271807189695,0.050829521589123364,2.253732175175374e-05,0.04076209688674731,0.0,0.00847744752976903,0.0,0.0,0.000691682190880585,0.24669345865926146,2.8222268803101978e-05,0.00026814670640272167,0.018498246134514354,0.0061455095603067415,0.0,0.0,0.0,0.003389153230946046,4.102666646046412e-05,0.0,0.0,2.9999511896983242e-05,0.2543579547045985,0.12368681432745458,0.05973010169850758,0.00019963766941464168,0.0,0.0005712285092701053,0.04566399529543405,0.0004822673183975506,0.0,0.0,0.0,0.0015037524899292362,0.06620651986178572,0.0,0.005942307940496151,0.0135528214943844,0.0020426056330408726,0.00015022672852593017,0.0
서울특별시,서초구,  면적(㎡)  ,46920262.3,544348.44,1771883.39,11708.59,2395853.9699999997,20.72,437918.0099999999,0.0,0.0,2411.39,11915566.22,2772.8299999999995,7407.640000000001,335460.69999999995,177318.11,0.0,0.0,0.0,1499255.5399999998,403244.29,111887.23000000001,12885.48,75754.56,15371279.209999999,1240651.67,1772965.79,41680.3,0.0,117087.25,5103369.220000001,162546.03,0.0,0.0,0.0,33403.28,545.4,10428.02,183015.50000000003,1808952.6400000001,1361672.6099999999,6968.27,0.0
서울특별시,서초구,  비율(%)  ,1.0,0.01160156429901288,0.03776371450506576,0.0002495422963566851,0.05106224587325037,4.416002593404087e-07,0.009333238744490137,0.0,0.0,5.1393361456122975e-05,0.2539535295820373,5.909664320013828e-05,0.00015787720777511513,0.00714959131846115,0.003779137227883741,0.0,0.0,0.0,0.03195326425103979,0.00859424628578856,0.002384624989617759,0.0002746250632106974,0.0016145382887171114,0.3276042898421734,0.026441703630459033,0.037786783429810455,0.0008883219734259671,0.0,0.0024954517357845206,0.10876685188522488,0.0034643035232989313,0.0,0.0,0.0,0.0007119158837268478,1.1623975938429484e-05,0.00022224982318566454,0.0039005642984225185,0.03855376230494773,0.02902099313285382,0.00014851302312519256,0.0
서울특별시,강남구,  면적(㎡)  ,39488792.2,683793.4099999999,2348553.6100000003,13699.4,3578991.9800000004,0.0,434759.91000000003,0.0,0.0,95409.07,14839629.86,0.0,65733.73,384761.25000000006,225595.72999999998,0.0,412.08,0.0,626745.9900000001,119295.01000000001,28920.699999999997,1740.4700000000003,29880.58,5028230.52,920842.2699999999,508571.09999999986,61008.590000000004,0.0,153918.26,5520213.779999999,289696.81,0.0,0.0,0.0,60081.56999999999,1298.93,0.0,284468.12999999995,928218.3200000001,2252661.88,1659.2599999999998,0.0
서울특별시,강남구,  비율(%)  ,1.0,0.01731613888155333,0.05947392865563511,0.00034691868848802114,0.09063310829749816,0.0,0.011009703912899113,0.0,0.0,0.0024161050435976615,0.37579346020109466,0.0,0.0016646173847778508,0.009743555793028281,0.005712905293669629,0.0,1.043536601253659e-05,0.0,0.0158714904934469,0.00302098401480104,0.0007323774263219931,4.407503757483877e-05,0.0007566850829132222,0.12733310491071437,0.023319079128482433,0.012878871995482299,0.0015449596354076384,0.0,0.0038977707705124495,0.13979191239989353,0.007336178035852917,0.0,0.0,0.0,0.0015214841136620022,3.2893637096350595e-05,0.0,0.007203768820257813,0.023505867571204167,0.05704560090343811,4.201850468346306e-05,0.0
서울특별시,송파구,  면적(㎡)  ,33853023.440000005,772692.91,2234268.17,6952.45,2341220.83,32.53,667488.17,0.0,0.0,32549.21,14130042.540000001,559.05,23557.949999999997,429230.6599999999,257265.31,0.0,5938.27,0.0,417270.9599999999,76696.26,3573.94,3372.32,7978.29,673631.64,199251.44,143812.27,53464.67999999999,0.0,10918.000000000002,5440493.719999999,285371.7,0.0,0.0,0.0,57059.909999999996,0.0,0.0,377600.35,1479430.37,3510367.5100000002,210932.02999999997,0.0
서울특별시,송파구,  비율(%)  ,1.0,0.022824930581739494,0.06599907313921145,0.0002053716121492751,0.06915839686075613,9.609186032572575e-07,0.019717239471476876,0.0,0.0,0.0009614860562658209,0.4173938131417901,1.651403458810236e-05,0.0006958890995882049,0.012679241508834635,0.0075994780925836255,0.0,0.00017541328355869887,0.0,0.012325958440301717,0.002265566032408714,0.00010557225431679196,9.9616508580895e-05,0.00023567437083250365,0.01989871425203491,0.005885779754743229,0.00424813666214742,0.0015793177260742767,0.0,0.00032251181402898055,0.16070924151405716,0.008429725649343654,0.0,0.0,0.0,0.0016855188754744794,0.0,0.0,0.011154110080278251,0.04370157284834822,0.10369435735102542,0.0062308180648576045,0.0
서울특별시,강동구,  면적(㎡)  ,24557023.29,781274.1599999999,1566058.28,2121.56,1339227.29,0.0,264769.99,0.0,0.0,94752.67,8760145.749999998,0.0,335998.17000000004,278886.62,172015.86000000002,0.0,1371.66,0.0,601346.9,247819.83999999997,11672.0,8509.19,13340.740000000002,2148860.31,306997.93,159463.30000000005,53693.700000000004,0.0,21792.05,3400576.41,87068.58000000002,0.0,0.0,0.0,0.0,302.41,0.0,186982.99000000002,1691160.9900000005,2013657.0,7156.9400000000005,0.0
서울특별시,강동구,  비율(%)  ,1.0,0.031814693123581754,0.06377231725140413,8.639320714672825e-05,0.05453540822862493,0.0,0.010781843828271256,0.0,0.0,0.003858475389343494,0.3567266947035582,0.0,0.013682365571434048,0.0113566948528964,0.007004752081252761,0.0,5.585611838217221e-05,0.0,0.024487776588332587,0.010091607483261869,0.00047530190700079757,0.000346507388111045,0.000543255582830862,0.08750491802787226,0.0125014309093812,0.006493592408039779,0.0021864905760734,0.0,0.0008874060077498912,0.138476735141786,0.0035455673503985187,0.0,0.0,0.0,0.0,1.2314603298158945e-05,0.0,0.007614236782360442,0.06886669324814573,0.0819992299644881,0.00029144167497346544,0.0
부산광역시,중구,  면적(㎡)  ,3027355.8300000005,169231.63,143186.05000000002,0.0,654463.48,0.0,19234.309999999998,0.0,132344.59,40170.78,1358527.7799999998,0.0,706.93,24371.98,28489.790000000005,0.0,0.0,0.0,11035.95,50.42,0.0,0.0,0.0,47072.22,73535.19,55175.07,0.0,0.0,0.0,184734.94999999998,0.0,0.0,0.0,0.0,0.0,0.0,0.0,5371.240000000001,68766.96,7704.38,0.0,3182.13
부산광역시,중구,  비율(%)  ,1.0,0.055900805687582475,0.04729739681773715,0.0,0.21618320301647523,0.0,0.006353501563772236,0.0,0.04371623206248602,0.01326926276783261,0.4487506115196242,0.0,0.0002335140101452824,0.008050583204816063,0.009410783403020054,0.0,0.0,0.0,0.003645408937607443,1.6654798058542062e-05,0.0,0.0,0.0,0.015548955142151226,0.024290236803778693,0.018225498784528407,0.0,0.0,0.0,0.061021881923936226,0.0,0.0,0.0,0.0,0.0,0.0,0.0,0.0017742347783412033,0.022715189049976988,0.0025449205288827904,0.0,0.0010511251992468952
부산광역시,서구,  면적(㎡)  ,14161651.340000002,816634.62,354602.89,99768.56000000001,772201.0,0.0,91124.84000000001,0.0,106679.99,0.0,3333356.28,1234.84,1351.18,105307.47,108172.59000000001,0.0,0.0,0.0,367758.56,1935.7099999999998,1345.22,0.0,0.0,2532093.74,2656015.64,1207669.4800000002,13109.41,0.0,76546.18000000001,904543.9199999998,0.0,0.0,0.0,40352.65,2953.86,125975.48,0.0,73600.71,291258.32999999996,0.0,9059.63,66998.56
부산광역시,서구,  비율(%)  ,1.0,0.05766521152045252,0.025039656851204472,0.0070449806738428,0.054527609913604884,0.0,0.006434619650789962,0.0,0.007533019097757282,0.0,0.2353790670290573,8.719604588146849e-05,9.541118952586782e-05,0.007436101021817699,0.007638416410836449,0.0,0.0,0.0,0.02596862125543616,0.00013668674320010477,9.499033465118481e-05,0.0,0.0,0.17879932779082244,0.18754985391414106,0.08527744759461081,0.0009256978360265151,0.0,0.005405173320698347,0.06387277149276291,0.0,0.0,0.0,0.002849431117261216,0.00020858160740455002,0.008895536048411144,0.0,0.005197184158327118,0.02056669261284044,0.0,0.0006397297732087788,0.004730984995426387
부산광역시,동구,  면적(㎡)  ,10136366.500000002,760043.24,218725.54000000004,24801.7,781821.85,0.0,49816.15,0.0,804899.43,288949.49,3298386.82,0.0,122.23,61360.67000000001,135747.81999999998,0.0,0.0,0.0,96034.16,71.37,0.0,0.0,0.0,508076.78,1649804.44,451079.72,3030.87,0.0,23694.13,477138.52999999997,1172.85,0.0,0.0,0.0,0.0,3882.13,0.0,48394.17,376605.0900000001,64075.84,200.71,8430.77
부산광역시,동구,  비율(%)  ,1.0,0.07498182312172709,0.021578298298507655,0.0024468037930554304,0.07713038493625894,0.0,0.004914596369418962,0.0,0.07940709622131362,0.028506219659677846,0.3254012983843865,0.0,1.2058561615742681e-05,0.006053517303266412,0.013392157830915047,0.0,0.0,0.0,0.009474219386207077,7.0409845579281285e-06,0.0,0.0,0.0,0.05012415247613629,0.16276093016171028,0.04450112572389721,0.0002990095119390167,0.0,0.002337536828408878,0.04707194930254346,0.0001157071421993275,0.0,0.0,0.0,0.0,0.00038299029538839185,0.0,0.004774311386629517,0.03715385488478539,0.0063213815325244985,1.9800980953086095e-05,0.0008317349219762327
부산광역시,영도구,  면적(㎡)  ,14646598.71,878751.8600000001,358657.75999999995,194131.25,701682.8300000001,0.0,148676.29,0.0,789405.88,0.0,3905326.69,603.6,3415.9,206874.07999999996,144195.07,0.0,0.0,0.0,250207.57,395.35,996.82,203.11,0.0,842505.7999999999,3218192.45,784993.5399999999,30445.53,0.0,114612.82999999999,1154647.6600000001,3320.75,0.0,0.0,121397.21,1617.69,218877.78,0.0,119764.22,335328.33,11563.59,2595.4,103211.87000000002
부산광역시,영도구,  비율(%)  ,1.0,0.059996991615536656,0.024487443610722092,0.013254357127123065,0.047907561604792544,0.0,0.01015090895461558,0.0,0.05389687364487096,0.0,0.2666371058103496,4.121093312865127e-05,0.0002332213824952947,0.014124376867016652,0.009844952596506277,0.0,0.0,0.0,0.017082981172220565,2.6992614997369584e-05,6.80581218709446e-05,1.3867383412459179e-05,0.0,0.057522283274189595,0.2197228526376415,0.05359562008509482,0.0020786757801463654,0.0,0.007825218145817554,0.07883384278232881,0.00022672499368285074,0.0,0.0,0.008288423299063678,0.00011044816834474466,0.014943932330894043,0.0,0.00817693051959092,0.02289462124548096,0.000789506849266303,0.00017720155043423046,0.007046814898364893
부산광역시,부산진구,  면적(㎡)  ,29779250.04999999,1396795.5899999999,1088294.14,8378.349999999999,1915727.4300000002,0.0,262337.31000000006,0.0,0.0,620097.8899999999,8253771.55,77378.27,3278.2499999999995,356137.38,158134.38,0.0,0.0,0.0,241121.36,933.94,15199.71,0.0,1309.76,3706812.4799999995,5781569.9399999995,2279402.5700000003,7846.66,0.0,62480.58,2300264.9,2250.95,0.0,0.0,0.0,343.83,29535.039999999997,0.0,190727.08999999997,905640.82,30317.32,83162.56,0.0
부산광역시,부산진구,  비율(%)  ,1.0,0.04690499551381417,0.03654538439257977,0.0002813485895693334,0.06433094946257724,0.0,0.008809399483181416,0.0,0.0,0.020823153335253322,0.27716519174061616,0.002598395522724053,0.00011008504225243243,0.01195924609928181,0.005310220362651478,0.0,0.0,0.0,0.008096958774823144,3.136210611186968e-05,0.0005104127865704934,0.0,4.398230303989809e-05,0.12447635429959394,0.1941476004362978,0.07654331677838883,0.00026349421113108264,0.0,0.0020981246974015057,0.07724388277534883,7.558786726397096e-05,0.0,0.0,0.0,1.1545958995700099e-05,0.000991799321689097,0.0,0.006404697555504761,0.030411807499497467,0.0010180686198979685,0.002792634463942789,0.0
부산광역시,동래구,  면적(㎡)  ,16676644.310000004,826596.3499999999,928218.8799999999,19928.149999999998,1234846.14,0.0,227013.5,0.0,0.0,58719.5,6091723.16,401.61,54019.22,203585.36999999997,124967.40999999999,0.0,0.0,0.0,124750.21,714.9,1819.92,0.0,3283.98,463462.32,2842023.6100000003,901697.6399999999,21606.48,0.0,47153.54999999999,1503618.6300000001,11362.64,0.0,0.0,0.0,10650.14,9504.400000000001,0.0,155662.68000000002,698660.29,110103.74999999999,549.88,0.0
부산광역시,동래구,  비율(%)  ,1.0,0.049566107823283044,0.05565981157512615,0.001194973618766352,0.07404643986197722,0.0,0.013612660663624836,0.0,0.0,0.0035210620859011405,0.3652847087676477,2.4082182994043835e-05,0.003239214016671678,0.012207813887229206,0.007493558516749342,0.0,0.0,0.0,0.007480534313800447,4.286833650168556e-05,0.0001091298684657261,0.0,0.00019692091160274913,0.027791101817893234,0.17041939356443583,0.054069489235271675,0.001295613170033486,0.0,0.002827520280667303,0.09016314086032094,0.0006813505036613686,0.0,0.0,0.0,0.0006386260810044222,0.0005699228108079735,0.0,0.009334172817169114,0.04189453687520663,0.006602272492792644,3.297306039382691e-05,0.0
부산광역시,남구,  면적(㎡)  ,27267656.39,986038.3099999999,916242.71,321043.18,1320720.87,0.0,271661.38,0.0,1985566.56,48400.0,7886046.97,2416.81,9157.81,405494.32999999996,144921.12,0.0,0.0,0.0,270096.10000000003,4125.85,5361.46,0.0,0.0,2006436.6300000004,4595758.069999999,1037326.49,23193.77,0.0,163059.06,2632505.48,3599.76,0.0,0.0,1127.27,3036.96,269163.29,0.0,189672.28000000003,917220.69,52212.81,7435.01,788615.36
부산광역시,남구,  비율(%)  ,1.0,0.03616146161947437,0.033601813698078506,0.011773772392032112,0.048435437615546396,0.0,0.009962769668009595,0.0,0.07281764635732231,0.00177499669600318,0.2892088288486754,8.86328463815588e-05,0.00033584881183109256,0.014870890413182295,0.005314762586385958,0.0,0.0,0.0,0.009905365394697201,0.00015130929996290746,0.00019662342532547953,0.0,0.0,0.07358302456590404,0.1685424667330568,0.038042377942697846,0.0008505963867325966,0.0,0.005979944065152568,0.09654315142996417,0.00013201574600009108,0.0,0.0,4.134091994841952e-05,0.0001113759083862359,0.009871156000730285,0.0,0.006955943601722935,0.033637679633383405,0.0019148257280793759,0.00027266773108988854,0.02892127393424294
부산광역시,북구,  면적(㎡)  ,39759105.589999996,465925.61,838756.3,10047.810000000001,963067.75,0.0,250102.35999999996,0.0,0.0,199907.37,6546456.47,742.12,130629.9,263097.27999999997,109204.94000000002,0.0,0.0,0.0,766099.89,12696.49,980.95,0.0,2036.44,7641310.430000001,9141968.5,4998323.379999999,69031.59,0.0,28366.190000000002,3242886.8,141996.3,0.0,0.0,0.0,57084.45,402745.58,0.0,251737.62,740465.86,2467902.74,15534.470000000001,0.0
부산광역시,북구,  비율(%)  ,1.0,0.011718714570812357,0.021095954940469275,0.00025271720404412655,0.02422257079752382,0.0,0.006290442309720982,0.0,0.0,0.005027964463322325,0.1646530115015095,1.8665409822162956e-05,0.00328553417038776,0.006617283666113778,0.0027466649055472385,0.0,0.0,0.0,0.01926853933536889,0.00031933540283646006,2.467233569375674e-05,0.0,5.1219462052290104e-05,0.19219019936710807,0.22993395762653526,0.12571518664285927,0.0017362460491908668,0.0,0.0007134514114204451,0.08156337402156334,0.0035714158528685354,0.0,0.0,0.0,0.0014357579013134939,0.010129643864556562,0.0,0.0063315715045490295,0.018623805767558264,0.062071384740121374,0.0003907147751308357,0.0
부산광역시,해운대구,  면적(㎡)  ,52324658.70999999,692060.4500000001,1140093.72,148298.02000000002,1864624.7200000002,0.0,345333.26000000007,0.0,101767.85,189354.39000000004,10124354.86,0.0,7335.629999999999,320727.20999999996,279286.38000000006,0.0,10742.29,0.0,963952.49,29011.97,16626.28,739.2,0.0,3672171.42,18186964.720000003,6183421.179999999,152733.55000000002,0.0,46666.85,4541199.89,56440.03,106400.37,0.0,182019.06,28051.979999999996,701291.4200000002,0.0,229916.2,1447781.35,497891.73,14070.23,43330.009999999995
부산광역시,해운대구,  비율(%)  ,1.0,0.013226277381676211,0.021788841974464932,0.0028341899145853033,0.035635678587687444,0.0,0.0065998186804035845,0.0,0.001944930984911531,0.003618836599574642,0.19349108259095227,0.0,0.0001401945121258489,0.006129561432546992,0.005337567160215885,0.0,0.00020530071795665615,0.0,0.018422527996647495,0.0005544607593294326,0.0003177522875428231,1.4127182445601472e-05,0.0,0.07018051355771567,0.34757923259085133,0.11817413304634242,0.0029189593160367892,0.0,0.0008918710824019439,0.0867889060713952,0.001078650704877192,0.002033465150526923,0.0,0.003478647820883226,0.0005361139602548207,0.013402694585869766,0.0,0.004394031526784898,0.02766919815041829,0.009515431964104636,0.00026890247059195777,0.0008280992378784309
부산광역시,사하구,  면적(㎡)  ,47491570.089999996,1063603.6,1060700.2700000003,2189677.8899999997,1616987.4899999998,0.0,251931.49000000002,0.0,705780.2599999999,50807.09,10259034.62,669.01,138971.32,283373.35,532668.56,0.0,11399.99,0.0,493103.0999999999,2344.68,896.21,1582.42,0.0,4452361.25,5527743.490000001,1544266.96,687870.0399999999,0.0,114088.28,4862659.89,1006196.55,4283592.92,0.0,763715.04,23405.89,343875.45999999996,0.0,164518.76,1411055.44,2985268.33,60245.3,597175.1399999999
부산광역시,사하구,  비율(%)  ,1.0,0.02239562932925556,0.022334495742926497,0.04610666452699711,0.034047884433715085,0.0,0.005304762287761206,0.0,0.014861169227770206,0.0010698128089620294,0.2160180133139077,1.4086921083724483e-05,0.0029262313235093977,0.005966813677942986,0.011216065482580471,0.0,0.00024004239022622722,0.0,0.010382960577330534,4.937044607193782e-05,1.887092800473045e-05,3.332001862648884e-05,0.0,0.09375055913212492,0.1163942038455356,0.03251665415722203,0.014484045035707093,0.0,0.0024022848641094487,0.10238995848705157,0.021186845330512006,0.09019691098614509,0.0,0.016081065303857174,0.0004928430446844383,0.007240768400546262,0.0,0.0034641676341343303,0.029711703304943313,0.06285890999903138,0.0012685472366112715,0.012574339801112269
부산광역시,금정구,  면적(㎡)  ,65724542.85999999,1076406.91,886830.85,311086.08,1628447.4999999998,0.0,275379.63,0.0,0.0,186254.16,8761993.87,796.03,17596.269999999997,348890.55999999994,245674.35000000003,0.0,1694.04,0.0,2541428.68,250750.07000000004,102935.87999999999,931.79,36348.99,11982312.600000001,18975726.22,8454015.63,35350.52,700312.55,259180.25,4216617.68,224967.16999999998,0.0,0.0,0.0,82932.46,321333.50999999995,32282.19,189436.83000000002,1149675.5999999999,453824.91000000003,1973129.0799999998,0.0
부산광역시,금정구,  비율(%)  ,1.0,0.01637754882970973,0.013493145960543849,0.004733179820856955,0.024776855481045485,0.0,0.004189905597161578,0.0,0.0,0.0028338601060602345,0.1333138807623804,1.211160953520248e-05,0.00026772753729884213,0.005308375605489909,0.003737939273663897,0.0,2.577484644676006e-05,0.0,0.03866787914240048,0.0038151664368989736,0.0015661711062679273,1.4177200166835821e-05,0.0005530504803574986,0.18231108317517788,0.28871598636174983,0.12862798677821038,0.0005378587428945717,0.010655266960041663,0.003943431764174921,0.06415590731428635,0.003422879189577676,0.0,0.0,0.0,0.0012618187421501682,0.004889094636754998,0.0004911740515071268,0.0028822844824272094,0.017492333152456102,0.0069049534656588415,0.03002119138664786,0.0
부산광역시,강서구,  면적(㎡)  ,185867908.79999995,986767.6499999999,549781.78,8019042.09,3553466.16,0.0,388146.73,0.0,3019005.0,482712.38,29414517.939999994,7506.51,58381.5,225741.42,943548.3099999999,25419.21,20890191.56,16660.63,12406285.33,8505956.72,174706.99,9811.149999999998,56505.7,13620355.78,16811140.42,6366104.470000001,1513706.38,155105.38,218004.24,16634463.419999998,3217087.46,748068.91,0.0,779091.25,17795.17,818898.03,203852.47,298320.05,19603964.47,13744908.440000001,665500.6699999999,717387.0299999999
부산광역시,강서구,  비율(%)  ,1.0,0.0053089726804953444,0.0029579166384853636,0.04314376882901693,0.019118233927211434,0.0,0.0020882934149630897,0.0,0.016242744750781857,0.0025970722063668053,0.15825495713545146,4.038626166541345e-05,0.00031410209743533744,0.0012145260656206407,0.0050764455041848525,0.0001367595415696634,0.11239267550203376,8.963693683091572e-05,0.06674786094112446,0.045763449833358234,0.0009399524163581704,5.278560491341796e-05,0.00030400998410544345,0.07327976016912072,0.0904467077105244,0.034250691854773814,0.008143989943034212,0.000834492522143231,0.0011728987613164562,0.08949615631550056,0.01730846105048555,0.004024734096540286,0.0,0.004191639401497372,9.574094912289669e-05,0.004405806442257665,0.0010967599050105633,0.0016050110636419883,0.10547256165180464,0.07394987401934984,0.0035805033493764692,0.003859660522526953
부산광역시,연제구,  면적(㎡)  ,12149190.95,652107.4900000001,685687.0,22287.96,1048326.5600000002,0.0,180649.69999999998,0.0,0.0,35229.18,4818206.97,0.0,2556.98,144401.06,87197.73999999999,0.0,0.0,0.0,53827.8,853.53,0.0,0.0,0.0,1265980.9200000002,1056030.09,369730.05999999994,7300.84,0.0,74381.36,1219888.77,454.74,0.0,0.0,0.0,146.11,0.0,0.0,110040.24999999999,292187.29,20891.56,826.99,0.0
부산광역시,연제구,  비율(%)  ,1.0,0.05367497248860017,0.05643890221348443,0.0018345221580371985,0.08628776717020817,0.0,0.014869278188437723,0.0,0.0,0.002899714075199386,0.39658665254578124,0.0,0.0002104650433533601,0.011885652352842476,0.007177246646205688,0.0,0.0,0.0,0.004430566629624009,7.025406082698865e-05,0.0,0.0,0.0,0.10420289920622247,0.08692184478341747,0.030432484065945144,0.0006009321962299062,0.0,0.006122330310398159,0.10040905398725337,3.742965287742062e-05,0.0,0.0,0.0,1.202631521731083e-05,0.0,0.0,0.009057413818983558,0.024049938074271523,0.0017195844633588547,6.806955322403588e-05,0.0
부산광역시,수영구,  면적(㎡)  ,10347574.109999996,673925.61,747369.18,18373.2,918104.8400000002,0.0,81450.46,0.0,22328.829999999998,0.0,3828676.5999999996,0.0,1711.36,92219.12,135888.11,0.0,0.0,0.0,32144.29,2191.17,0.0,0.0,0.0,837983.9700000001,1042231.5399999999,376063.47000000003,1194.44,0.0,6710.840000000001,976267.0,0.0,66674.54,0.0,58537.369999999995,0.0,4481.45,0.0,66047.93000000001,299821.92000000004,50978.95,0.0,6197.92
부산광역시,수영구,  비율(%)  ,1.0,0.06512885076596955,0.07222651145621999,0.0017756045817776712,0.0887265778664716,0.0,0.00787145461671886,0.0,0.0021578806551789953,0.0,0.3700071687623797,0.0,0.0001653875567169048,0.008912148781894546,0.01313236402614178,0.0,0.0,0.0,0.003106456610823927,0.00021175687912033722,0.0,0.0,0.0,0.08098361616856305,0.10072230736601126,0.03634315309098088,0.00011543188647913927,0.0,0.0006485423470912453,0.09434742767935589,0.0,0.0064434948028606115,0.0,0.005657110485773561,0.0,0.0004330918486168737,0.0,0.006382938580374181,0.02897509279109673,0.004926657152494655,0.0,0.0005989732408884388
부산광역시,사상구,  면적(㎡)  ,36241272.03,656520.8099999999,579537.78,2237348.6100000003,1850388.3800000001,0.0,190372.69999999998,0.0,0.0,155188.22999999998,8981305.959999999,2462.83,33118.32,238126.29,103836.78000000001,0.0,6391.52,0.0,782598.38,3167.11,13500.5,179.53,12717.13,3699094.9699999997,5644656.3500000015,2247670.5500000003,95548.57999999999,10759.54,4811.680000000001,3429271.4399999995,801463.87,0.0,0.0,0.0,7789.58,33805.8,0.0,156231.11000000002,943463.09,3245518.79,74425.82,0.0
부산광역시,사상구,  비율(%)  ,1.0,0.018115280541382252,0.015991099305793323,0.06173482564706767,0.05105748988248192,0.0,0.005252925444846754,0.0,0.0,0.004282085625237917,0.24781983238793065,6.795649992531456e-05,0.0009138288516083302,0.006570583113166737,0.002865152743922604,0.0,0.00017636025564194305,0.0,0.02159412007813016,8.738959265497944e-05,0.0003725172777827578,4.953744445045628e-06,0.0003509018665093472,0.10206857438497033,0.15575215862532188,0.06201963739405755,0.002636457680649461,0.00029688637835596413,0.00013276796675395285,0.09462337406814247,0.02211467272276094,0.0,0.0,0.0,0.00021493671617132804,0.0009327983844500836,0.0,0.004310861657137038,0.026032835967209286,0.08955311467305581,0.0020536205224361715,0.0
부산광역시,기장군,  면적(㎡)  ,219904134.04999998,960699.46,748514.67,1813560.78,2479400.13,0.0,608456.96,0.0,186016.79,356615.44,20529148.6,4321.94,12277.529999999999,229882.73,521305.60000000003,178063.61,3497179.58,161266.6,13409976.66,843807.3499999999,1450939.56,23821.589999999997,152305.07,53703665.05,54898700.8,21910936.089999996,310721.66,2294810.58,1164922.51,25434850.2,919688.03,0.0,0.0,112419.20000000001,52852.46,535872.2100000001,9301.25,88290.47,8695523.17,701889.39,807568.8999999999,94561.43000000001
부산광역시,기장군,  비율(%)  ,1.0,0.00436871941562301,0.0034038226395043986,0.008247051779334205,0.011274913683233688,0.0,0.002766919151513787,0.0,0.0008458994679822848,0.0016216859293737321,0.09335499165892104,1.9653746022879736e-05,5.5831283268228306e-05,0.0010453770275538848,0.0023706039099813826,0.0008097328900579621,0.015903200706562617,0.0007333495602376103,0.06098101210298734,0.003837160013590931,0.006598054949117498,0.0001083271585725789,0.0006925975751113898,0.24421398570792355,0.24964833443066417,0.09963858198781324,0.0014129868969600665,0.010435504497965577,0.005297410687764194,0.11566335626149181,0.0041822225579028404,0.0,0.0,0.0005112191295796152,0.0002403431851262189,0.002436844638301151,4.2296840121637544e-05,0.00040149527148009527,0.039542336061871776,0.0031917971575759927,0.0036723679774768652,0.0004300120614308206
인천광역시,중구,  면적(㎡)  ,148517012.19000003,693904.99,702278.4,970475.83,3588415.6799999997,0.0,506493.51999999996,1148708.27,2584893.2000000007,517027.91,35195260.410000004,16635.29,20835.67,236532.14999999994,2109714.1,0.0,1759848.46,0.0,5156814.55,149072.00999999998,156657.72999999998,9386.43,40428.770000000004,11281261.44,9484213.110000001,5181566.13,127075.55999999998,1788113.79,128950.64,34098011.230000004,2757367.4699999997,3981532.49,743271.29,1146468.45,112619.73999999999,404883.97000000003,24050.07,144117.29,16817140.95,384029.94000000006,3239903.21,1109052.05
인천광역시,중구,  비율(%)  ,1.0,0.00467222562430947,0.0047286057647157945,0.006534442187393696,0.02416164739032917,0.0,0.00341034008516166,0.007734523157053822,0.01740469433018965,0.0034812706125447665,0.2369779723616725,0.00011200932307147565,0.0001402914702683664,0.0015926266392795516,0.014205201605463295,0.0,0.011849473902347292,0.0,0.03472204614110342,0.0010037369308863414,0.0010548133691215484,6.320104250408567e-05,0.00027221642425905306,0.07595938858214918,0.06385943919923938,0.03488870435510206,0.0008556296556614695,0.012039791022138523,0.0008682550106450534,0.22958993536967948,0.01856600418592086,0.026808595401221554,0.005004620541713578,0.0077194419218002165,0.0007582952170888267,0.0027261790688465097,0.00016193478205198732,0.0009703756349180295,0.11323376832066605,0.0025857639763766918,0.021815030899323126,0.0074675084937823365
인천광역시,동구,  면적(㎡)  ,7146560.489999998,310739.51000000007,165195.28,1019758.5299999999,608606.9900000001,0.0,62719.94,0.0,193667.22999999998,25122.97,3521037.9500000007,0.0,4840.15,63608.6,100759.37000000001,0.0,0.0,0.0,4129.219999999999,0.0,0.0,0.0,0.0,0.0,0.0,0.0,83.92,0.0,0.0,641266.02,2644.43,20014.519999999997,0.0,0.0,0.0,0.0,0.0,47943.240000000005,169016.58,316.43,160882.97,24206.64
인천광역시,동구,  비율(%)  ,1.0,0.04348098787309084,0.023115354614454544,0.14269221276821517,0.08516082538608727,0.0,0.00877624139441098,0.0,0.02709936203170653,0.003515393179020025,0.492689868773503,0.0,0.0006772698568454993,0.008900589323914057,0.014099001910218217,0.0,0.0,0.0,0.0005777912333881331,0.0,0.0,0.0,0.0,0.0,0.0,0.0,1.1742711772667024e-05,0.0,0.0,0.08973072023910067,0.0003700283519184206,0.0028005807868002807,0.0,0.0,0.0,0.0,0.0,0.0067085754142969575,0.023650059386819803,4.4277243639478394e-05,0.02251194406387793,0.0033871734569198343
인천광역시,미추홀구,  면적(㎡)  ,24955119.22999999,1299401.25,1793943.2299999997,636611.7399999999,1830822.55,0.0,296361.09,0.0,0.0,105714.88000000002,10791450.729999999,428.28,10333.150000000001,375417.3099999999,278756.82,0.0,0.0,0.0,89161.97000000002,523.6800000000001,0.0,0.0,972.71,1288689.4700000002,332852.8,87283.95,7376.04,338.84,14096.09,2431312.03,42419.56,0.0,0.0,0.0,0.0,7157.860000000001,0.0,244427.32999999996,2688863.81,292125.04,8277.02,0.0
인천광역시,미추홀구,  비율(%)  ,1.0,0.05206952681828563,0.07188678256617573,0.02551026641598619,0.07336460840463797,0.0,0.01187576333611451,0.0,0.0,0.004236200156996808,0.43243434866169556,1.7162009768526367e-05,0.00041406935005054696,0.015043699312351473,0.011170326113484978,0.0,0.0,0.0,0.003572892967500362,2.0984872689786796e-05,0.0,0.0,3.897837517965649e-05,0.05164028503020704,0.01333805689054206,0.003497637065787725,0.0002955722203536033,1.357797559999877e-05,0.0005648576498506277,0.09742738584383036,0.0016998339943415297,0.0,0.0,0.0,0.0,0.00028682932483829304,0.0,0.009794676905657086,0.10774798490113249,0.011706016601548415,0.00033167623539340647,0.0
인천광역시,연수구,  면적(㎡)  ,63191075.39000001,217683.88,1320292.4999999998,320692.69,2274760.4499999997,0.0,616461.4799999999,0.0,215435.82,60709.13,20255754.75,1163.23,35807.32,555230.4199999999,812948.2499999999,0.0,0.0,0.0,587867.0099999999,39695.920000000006,1018.75,0.0,17298.41,2344579.28,652204.82,318307.44000000006,22840.96,716143.7900000002,67012.09999999999,12748734.629999999,50797.280000000006,58379.73999999999,0.0,0.0,935.71,27649.17,0.0,371838.64999999997,13852443.500000002,268518.73,1897556.4000000001,2460313.18
인천광역시,연수구,  비율(%)  ,1.0,0.0034448516448961795,0.020893654552505626,0.005074968071373409,0.03599812846926135,0.0,0.009755514939338331,0.0,0.0034092760515687117,0.0009607231658160263,0.3205477138185478,1.840813742796473e-05,0.0005666515370882026,0.008786532221096923,0.012864921905232349,0.0,0.0,0.0,0.009303006894119574,0.0006281887078991203,1.6121738611228274e-05,0.0,0.0002737476754943385,0.037103012815177215,0.010321153991679202,0.005037221443621329,0.0003614586373001429,0.011332989438463172,0.001060467788946739,0.20174897406505424,0.0008038679463277291,0.0009238605236529744,0.0,0.0,1.480762899230666e-05,0.0004375486542894866,0.0,0.005884353885498892,0.21921518845036386,0.0042493141372063606,0.030028867024160324,0.038934504038988786
인천광역시,남동구,  면적(㎡)  ,57605225.06000001,532737.6,1828483.75,4233597.919999999,2619136.16,0.0,457838.52,0.0,5437.29,173049.12,18347649.940000005,3982.49,29637.17,377599.1199999999,483781.14,0.0,193421.62,0.0,4293638.16,667685.2,472349.16000000003,7593.81,47782.549999999996,6684976.18,2615633.24,1520960.4299999997,60206.33,0.0,183257.13,7337683.1,1460799.54,1759.52,35759.11,0.0,8048.030000000001,14394.390000000001,0.0,254946.53,1487434.2300000002,309080.94000000006,844862.69,10022.95
인천광역시,남동구,  비율(%)  ,1.0,0.009248077747202883,0.03174163017496246,0.07349329710265692,0.04546698944882136,0.0,0.007947864443253683,0.0,9.43888335534957e-05,0.003004052493845078,0.3185066965868044,6.913418003057792e-05,0.0005144875307601132,0.00655494565999357,0.008398216298887939,0.0,0.0033577096487087304,0.0,0.07453556783308919,0.01159070551854554,0.008199762426203773,0.00013182502094368173,0.0008294829149652833,0.11604808718370796,0.045406180381651645,0.02640316791429613,0.001045153975829289,0.0,0.0031812588147884925,0.12737877670571154,0.02535880275579987,3.054445144806452e-05,0.0006207615708949024,0.0,0.0001397100695573604,0.00024987993684613165,0.0,0.004425753562015507,0.02582116862577535,0.005365501821719643,0.014666424601588039,0.0001739937651412762
인천광역시,부평구,  면적(㎡)  ,32114332.58,704038.2899999999,1811403.4300000002,798770.8500000001,1966856.1299999997,2198.5,305481.49,0.0,0.0,169457.67999999996,10870714.179999998,1271.14,5866.28,385927.02999999997,270930.11,0.0,396710.23,0.0,326088.87,11573.01,0.0,1791.85,7500.790000000001,4592921.58,1696107.6800000002,1128714.35,39248.05,8865.27,872682.38,3578811.7699999996,80892.09,0.0,0.0,0.0,3211.8099999999995,498.46,0.0,335957.63000000006,1621754.8199999998,111299.51,6787.32,0.0
인천광역시,부평구,  비율(%)  ,1.0,0.02192286849636904,0.05640482876259732,0.02487272148689942,0.0612454306842705,6.845852998885521e-05,0.009512310095158141,0.0,0.0,0.005276699416930556,0.33850039240018354,3.958170380260788e-05,0.0001826685946340785,0.012017283218905992,0.008436423497984463,0.0,0.012353058529606845,0.0,0.010153998037719767,0.0003603690025682608,0.0,5.579595949990003e-05,0.00023356518405963402,0.14301781201768946,0.05281466385062891,0.035146747863691714,0.0012221350047437293,0.0002760533782826011,0.02717423374208576,0.11143970565431567,0.0025188781301460884,0.0,0.0,0.0,0.00010001173127291564,1.5521418630086318e-05,0.0,0.010461298834814524,0.0504994091332911,0.003465727015274001,0.00021134862395449477,0.0
인천광역시,계양구,  면적(㎡)  ,45534295.19,323732.36,1208140.9499999997,433240.18999999994,1372913.66,0.0,250929.33,0.0,0.0,201282.85,9955858.379999999,1375.6799999999998,5440.33,258274.11,347494.48,0.0,3500838.23,0.0,4627501.500000001,1074004.58,77527.93,54096.01,16706.21,7290223.49,1960438.9500000002,1256164.72,107635.28,0.0,194738.06,5421676.829999999,589365.9299999999,0.0,0.0,0.0,8159.5599999999995,104.41,0.0,283177.23,3335466.07,1367485.7799999998,10302.100000000002,0.0
인천광역시,계양구,  비율(%)  ,1.0,0.007109638101329312,0.02653254969597784,0.009514590885666018,0.030151200414353003,0.0,0.005510776634467546,0.0,0.0,0.004420467016346938,0.21864527250191088,3.0211953303762115e-05,0.00011947763718092592,0.005672078790773087,0.007631489156689855,0.0,0.07688354932018,0.0,0.10162672949456937,0.02358671800054275,0.0017026272104685232,0.0011880278320829326,0.0003668929085273056,0.16010401521710696,0.04305411869931702,0.027587222219174094,0.0023638288360646087,0.0,0.0042767338154114515,0.11906798617123823,0.012943341442768909,0.0,0.0,0.0,0.00017919592179812546,2.2929969501961233e-06,0.0,0.006218987881955618,0.0732517337993741,0.030031996197457774,0.00022624924701288658,0.0
인천광역시,서구,  면적(㎡)  ,132651999.10000001,683342.54,2697779.09,5923610.78,4615141.590000001,0.0,850205.12,0.0,567973.38,186041.62,33201814.45,7596.38,253682.44,519263.57,3104975.75,1793727.6,1313430.61,610507.5599999999,3820354.3100000005,426037.19,102074.54,26336.5,38113.35,15024046.370000005,1748618.3800000001,2586108.5,302309.24,1971133.4500000002,1025783.5299999999,21754609.43,1838207.9699999997,176198.44000000003,0.0,19945.44,96627.85,5375.63,216604.44,412827.92000000004,20449062.78,2649064.0700000003,1603614.0,29853.289999999997
인천광역시,서구,  비율(%)  ,1.0,0.005151392701476445,0.02033726674534526,0.04465526957897161,0.03479134593758264,0.0,0.006409289914726961,0.0,0.00428167976248765,0.0014024788262689664,0.2502926052774428,5.7265476973878486e-05,0.001912390629022944,0.003914479793165815,0.023406927683459238,0.013522054791257194,0.00990132541470308,0.00460232460982188,0.028799824623223492,0.0032116906860848054,0.0007694911549960952,0.00019853828196095385,0.00028731832357285596,0.1132591025535476,0.013181997948495297,0.01949543555729195,0.002278964825642043,0.014859432676276946,0.007732891603289828,0.16399759956576485,0.013857371034523667,0.00132827579829515,0.0,0.0001503591362009108,0.0007284311631606613,4.0524304469377574e-05,0.0016328773140969572,0.0031121123149360818,0.154155707556163,0.019970027500324342,0.012088879254590894,0.00022504968038585704
인천광역시,강화군,  면적(㎡)  ,413234284.10999995,6897613.24,235368.11,440781.55000000005,2550406.9899999998,0.0,334315.20999999996,0.0,92621.07,0.0,24377703.25,380.96000000000004,18373.47,152107.14999999997,1366817.85,94704209.59,21157198.7,4877868.62,34032567.79,3043928.28,1005098.39,1003124.0,301062.79000000004,101208457.92000002,32210984.64,24149826.91,616503.3900000001,360453.4,3258772.69,23533827.810000002,4169273.2200000007,1497934.8099999998,358776.07999999996,317128.55000000005,187072.41,307530.56999999995,422425.5,193338.11000000002,10682127.21,3587821.5899999994,8254053.220000001,1326429.07
인천광역시,강화군,  비율(%)  ,1.0,0.01669177390461607,0.0005695754661473023,0.0010666625857274398,0.0061718184770000835,0.0,0.0008090209908890514,0.0,0.00022413694497658125,0.0,0.058992450983352665,9.218983386639606e-07,4.4462598352824755e-05,0.00036808937653273256,0.0033076099988745443,0.22917800683931258,0.05119904014151959,0.011804123732147905,0.0823565930965708,0.0073661077917478125,0.0024322725113786786,0.0024274946164267817,0.0007285523045320685,0.24491786333260543,0.07794848074954418,0.058441005111694685,0.0014918979709725427,0.0008722737049185637,0.00788601724326566,0.05695032748961233,0.010089369106872484,0.003624904485420819,0.0008682146999799667,0.00076743039528536,0.00045270302391028786,0.0007442039100466736,0.001022242142637791,0.00046786560901257364,0.025850050735762516,0.00868229410763253,0.01997427013534732,0.0032098717870342876
인천광역시,옹진군,  면적(㎡)  ,185321528.21999997,1473612.97,73456.64,44670.17,777525.86,0.0,221591.34999999998,0.0,249840.80000000005,0.0,7124506.42,8114.21,9298.960000000001,59702.14,3329946.82,6805438.96,5235666.22,396775.14,9661277.94,600465.62,297593.57999999996,32456.69,78462.78,30233650.5,33127556.6,50236026.440000005,874343.83,19668.98,522944.49999999994,12539801.51,812457.22,635074.76,424126.25,3837289.3899999997,119559.06999999999,5867012.2700000005,12591.71,89632.33999999998,5259577.239999999,308449.41000000003,2810987.45,1110375.4800000002
인천광역시,옹진군,  비율(%)  ,1.0,0.007951655612566695,0.0003963740246777899,0.0002410414506563473,0.0041955506598077424,0.0,0.001195712943489993,0.0,0.0013481477430048363,0.0,0.0384440301589911,4.378449755911473e-05,5.017744073943188e-05,0.00032215436907646287,0.017968483489122396,0.036722333478283686,0.028251797134894147,0.00214100943269245,0.05213251818499385,0.0032401287954369326,0.0016058230409513941,0.0001751371808323846,0.00042338729209514614,0.16314159930792743,0.17875719522814112,0.2710749631870266,0.004717983055708691,0.0001061343503311199,0.0028218227262792645,0.06766510955550549,0.004384041227177401,0.003426880654934414,0.0022885967651664774,0.020706117777340226,0.0006451439891973497,0.03165855756938891,6.794520917748992e-05,0.0004836585412440325,0.028380821648288045,0.0016644013944987102,0.0151681646325677,0.0059916162502277924
대구광역시,중구,  면적(㎡)  ,7048643.07,378166.07,354872.45,6433.0599999999995,1342911.83,0.0,77066.82,0.0,0.0,86173.19,3599160.0799999996,0.0,762.29,108280.11,90534.51,0.0,0.0,0.0,5598.41,221.15,0.0,0.0,0.0,52511.62,0.0,0.0,1044.57,0.0,0.0,505561.1399999999,23270.149999999998,0.0,0.0,0.0,5463.92,0.0,0.0,36876.58999999999,279287.04,93879.72,568.35,0.0
대구광역시,중구,  비율(%)  ,1.0,0.053650903619950216,0.05034620798297849,0.0009126664431881921,0.19052061746687365,0.0,0.010933568239255446,0.0,0.0,0.012225500588441627,0.5106174400174301,0.0,0.00010814705645181717,0.015361837579896068,0.01284424663029504,0.0,0.0,0.0,0.0007942535810654971,3.137483311380101e-05,0.0,0.0,0.0,0.007449890635475177,0.0,0.0,0.0001481944807853634,0.0,0.0,0.07172460500259092,0.0033013659180787538,0.0,0.0,0.0,0.000775173312896946,0.0,0.0,0.005231728948930874,0.03962280927355852,0.013318835847932926,8.063254081043999e-05,0.0
대구광역시,동구,  면적(㎡)  ,181754494.95999998,1854971.6600000001,1677425.89,473480.24999999994,3019324.85,0.0,353506.36000000004,0.0,0.0,387304.55000000005,19741030.029999997,11761.589999999998,10604.929999999998,364214.85,537415.8299999998,0.0,2674208.37,0.0,10505212.400000002,1011703.0399999999,4391709.55,51014.01000000002,70387.04000000001,39191413.19,52530475.44,19422092.870000005,153274.74000000002,371280.83,1682431.13,11926658.44,2069907.6800000002,0.0,0.0,0.0,194128.54,432984.02999999997,0.0,235089.39000000004,3477095.55,1918310.89,1014077.0399999999,0.0
대구광역시,동구,  비율(%)  ,1.0,0.010205919036050455,0.009229075134395786,0.002605053867329125,0.016612105525447857,0.0,0.001944966258346451,0.0,0.0,0.0021309214393032587,0.10861371012774429,6.471141196584138e-05,5.83475528477791e-05,0.0020038835907753225,0.0029568227741397692,0.0,0.014713299776099252,0.0,0.0577989138717695,0.005566316476644238,0.024162866238694757,0.00028067536932842866,0.0003872643700805892,0.21562830233510943,0.2890188517844401,0.10685894109124709,0.0008433064614645833,0.0020427600983497574,0.009256613600506907,0.06561960650615428,0.011388481371289,0.0,0.0,0.0,0.0010680810950107356,0.0023822466129120486,0.0,0.0012934447098639176,0.01913072659229269,0.010554406868573877,0.005579378051823011,0.0
대구광역시,서구,  면적(㎡)  ,17422333.009999998,1215057.2899999998,591814.62,1433437.9300000002,1763806.4699999997,0.0,123082.18000000001,0.0,0.0,174208.63,7739313.089999999,10067.91,147446.49000000002,174424.60000000003,122074.41999999998,0.0,0.0,0.0,115900.81,1179.1899999999998,0.0,84.85,6678.64,1018953.39,395613.86,224577.09,19828.56,6681.29,23218.21,1224825.3499999999,56751.32,0.0,0.0,0.0,9711.15,295.52,0.0,110840.08999999998,445402.7100000001,255350.84,11706.51,0.0
대구광역시,서구,  비율(%)  ,1.0,0.06974136525243699,0.03396873539613281,0.08227588860672341,0.10123824799971494,0.0,0.007064621020006552,0.0,0.0,0.009999156249625607,0.4442179520709322,0.0005778738125497465,0.008463073798174407,0.01001155240804343,0.007006778020482803,0.0,0.0,0.0,0.006652427658998122,6.768266909622112e-05,0.0,4.870185867260036e-06,0.0003833378684798771,0.05848547318060936,0.022707283793331652,0.012890184676822455,0.0011381116403078098,0.00038348997210448804,0.0013326693954634726,0.07030202839636802,0.003257389235266374,0.0,0.0,0.0,0.0005573966468455191,1.6962137035859586e-05,0.0,0.0063619545061146775,0.02556504400095841,0.01465652389111348,0.0006719255103940871,0.0
대구광역시,남구,  면적(㎡)  ,17818020.67000001,1170568.6600000001,725727.9199999999,2286.99,1053918.23,0.0,136650.00000000003,0.0,0.0,17529.07,5111986.08,0.0,2078.57,215078.40000000002,145438.43,0.0,0.0,0.0,62460.16,365.47,0.0,294.97,0.0,3157391.95,3187053.51,1381879.09,715.51,0.0,6680.48,715037.42,20658.620000000003,0.0,0.0,0.0,20601.670000000002,68936.75,0.0,69603.98,477146.13,67702.19,230.42,0.0
대구광역시,남구,  비율(%)  ,1.0,0.06569577405255078,0.040729996526600705,0.00012835264041704576,0.05914900703726703,0.0,0.007669202013559005,0.0,0.0,0.0009837832341003784,0.2868997726895104,0.0,0.00011665549381136727,0.012070835699619822,0.008162434688656128,0.0,0.0,0.0,0.0035054488462438163,2.0511256933007016e-05,0.0,1.6554588495715325e-05,0.0,0.17720217124431017,0.17886686568761276,0.07755514013555129,4.0156536646334446e-05,0.0,0.00037492828882210497,0.040130014059524585,0.0011594228327943673,0.0,0.0,0.0,0.0011562266304184275,0.0038689342254534472,0.0,0.003906381145757194,0.02677885152548764,0.0037996470682060313,1.2931851649939739e-05,0.0
대구광역시,북구,  면적(㎡)  ,93774122.88999999,1177329.9400000002,1677517.0399999998,1887206.35,3508552.75,16250.76,617143.9000000001,0.0,0.0,174066.14,19437820.699999996,19136.870000000003,146098.68,584915.0800000001,370540.15,0.0,878264.96,0.0,2682068.65,577728.86,132568.00999999998,41448.240000000005,6389.759999999999,14322520.939999996,23570752.92,5031241.170000001,107004.98999999999,76165.42,960020.1,8515838.9,862712.7800000001,0.0,0.0,0.0,100374.27,34757.240000000005,0.0,363928.55999999994,3028985.17,2566616.1399999997,298157.44999999995,0.0
대구광역시,북구,  비율(%)  ,1.0,0.012554955500688025,0.0178889120825772,0.02012502268044408,0.03741493539870955,0.00017329684884456512,0.00658117485912323,0.0,0.0,0.0018562278658067013,0.207283417865728,0.00020407410285722594,0.0015579850335830747,0.006237489213160905,0.003951411525700489,0.0,0.009365749664544797,0.0,0.02860137282378158,0.006160855918403995,0.0014136950143005492,0.0004420008284014568,6.813990686423577e-05,0.152734256515529,0.2513566876829042,0.05365276704215945,0.001141092944431165,0.0008122221531130123,0.01023758015978602,0.09081224795873963,0.009199902418836692,0.0,0.0,0.0,0.0010703834587473795,0.00037064852145587485,0.0,0.003880906040858411,0.03230086378470418,0.027370196178861855,0.0031795280063536087,0.0
대구광역시,수성구,  면적(㎡)  ,76870991.94000001,1461563.8699999994,1702047.0299999998,31823.43,2439928.2,0.0,544331.87,0.0,0.0,551647.17,15123110.09,8059.8099999999995,8041.030000000001,396891.0300000001,309829.11,0.0,254780.46000000002,0.0,3405011.479999999,293571.58000000013,1495006.5300000005,13777.67,7918.31,18157115.970000003,11853743.2,7529501.96,33034.520000000004,37094.06,725884.88,5872337.429999998,904772.9999999999,0.0,0.0,0.0,106698.29,29303.629999999997,0.0,267298.95999999996,2194729.8700000006,645288.8600000001,466848.64,0.0
대구광역시,수성구,  비율(%)  ,1.0,0.01901320424147501,0.02214160357561791,0.0004139849011554201,0.03174055828373378,0.0,0.007081108962726361,0.0,0.0,0.0071762722982757435,0.1967336404583411,0.0001048485234363947,0.00010460421801602681,0.005163079335697721,0.004030507505898068,0.0,0.0033143901694265036,0.0,0.044295141692170525,0.003819016414269001,0.019448253395336637,0.0001792310682130115,0.00010300777705822328,0.23620244141212782,0.1542030732379801,0.09794984779013896,0.0004297397388313186,0.0004825495165842658,0.00944289727087916,0.07639211205422618,0.011770018535811283,0.0,0.0,0.0,0.0013880176033539548,0.00038120530593480973,0.0,0.0034772409364592872,0.02855082020683497,0.008394439094836533,0.0060731444751537566,0.0
대구광역시,달서구,  면적(㎡)  ,62582997.89999999,1093673.22,2034130.9499999997,4514386.439999999,3339055.0000000005,0.0,662813.7999999999,0.0,0.0,43184.23,20359109.91,1811.5500000000002,184713.38999999998,684811.43,274171.07999999996,0.0,80542.8,0.0,833751.8,39558.87,72832.68000000001,1845.46,5937.16,8263810.42,8676893.540000001,2404579.23,73167.89,37999.26,287018.29000000004,5502313.14,205609.62000000002,0.0,0.0,0.0,25598.88,98301.34,0.0,427288.61,1391179.3900000001,775854.7199999999,187053.8,0.0
대구광역시,달서구,  비율(%)  ,1.0,0.01747556455744668,0.03250293239787415,0.07213439099247751,0.053354027643984135,0.0,0.010590956365802349,0.0,0.0,0.000690031341563457,0.32531375282678815,2.8946360206243817e-05,0.0029514947541367303,0.010942451671846166,0.004380919566015229,0.0,0.0012869757394603817,0.0,0.01332233718385038,0.0006321025091065509,0.0011637774226855952,2.9488200660326635e-05,9.486857771637688e-05,0.13204561458056968,0.1386461791725705,0.03842224423064911,0.0011691336697694375,0.0006071818429139203,0.0045862023174188665,0.08792025509535395,0.0032853910310998388,0.0,0.0,0.0,0.0004090388900976571,0.0015707355559584021,0.0,0.006827551001675489,0.022229350409562282,0.012397212438428104,0.0029888916523124888,0.0
대구광역시,달성군,  면적(㎡)  ,423249030.05000013,1625430.7999999998,1027626.2,6044544.4799999995,3596921.5599999996,0.0,579917.02,0.0,383.83,130926.62,32380483.24,8437.42,69509.37000000001,383810.87999999995,965954.1100000002,6034338.93,17196913.24,1212594.3699999999,21827353.34,7372494.560000001,1844873.6999999997,258945.34,84367.64,90608266.54,111073163.86,42375473.900000006,601927.4299999999,122523.35999999999,5309261.76,37036524.91,4457155.43,0.0,0.0,0.0,1185901.92,1290472.23,5691.02,341223.07,10561748.72,12828723.6,2805145.65,0.0
대구광역시,달성군,  비율(%)  ,1.0,0.0038403650914639567,0.0024279469698456303,0.014281295527802941,0.008498357478988389,0.0,0.0013701555794031993,0.0,9.068656340562826e-07,0.0003093370822008336,0.07650456573090023,1.9934883250655655e-05,0.00016422806684704885,0.0009068204597058588,0.0022822358503358843,0.014257183127595446,0.040630720968146,0.002864966683696242,0.05157094710275283,0.01741881029031315,0.004358837395993695,0.00061180374109637,0.00019933333335703877,0.2140779071113195,0.26242981312178904,0.10011948260104464,0.001422159029942471,0.0002894829079360815,0.01254406125720547,0.08750528006083019,0.010530810736821907,0.0,0.0,0.0,0.002801901093216692,0.0030489667745902485,1.3446031995224412e-05,0.0008061992958606188,0.024953982100685022,0.030310107499796256,0.006627648147636904,0.0
대구광역시,군위군,  면적(㎡)  ,613735377.1999999,1669982.7200000002,39089.92,403410.32000000007,1457000.07,0.0,162311.16,0.0,0.0,191458.88999999998,16241399.59,3411.73,10131.609999999999,54593.15,1656011.4900000002,18902097.64,5272754.03,11643410.540000001,25266195.86,1959424.5499999998,15330141.950000001,706648.61,22459.780000000002,171335188.61999997,208962259.74,58099840.3,1198442.37,1053289.59,5064122.2,40329272.91,7215703.430000001,0.0,0.0,0.0,1177649.1,277373.15,382866.51,85010.22,8844199.299999999,4511809.890000001,4206416.26,0.0
대구광역시,군위군,  비율(%)  ,1.0,0.0027210142710345953,6.369181483123409e-05,0.00065730335090092,0.002373987428665372,0.0,0.0002644644027862633,0.0,0.0,0.0003119567440832218,0.026463196017959646,5.558959327984459e-06,1.6508108178842e-05,8.895226188372315e-05,0.0026982500138009,0.030798448879117347,0.008591249952146315,0.018971385669699997,0.04116789873718885,0.003192621156921635,0.024978423143765294,0.0011513897295995733,3.659521812554886e-05,0.27916785472212796,0.3404761522683168,0.09466594636448147,0.0019527021164521528,0.0017161950070490417,0.008251312191100462,0.06571117522015969,0.011757027047910578,0.0,0.0,0.0,0.001918822254263234,0.00045194258031114207,0.0006238299505345837,0.00013851282353615643,0.014410444026135895,0.0073513928927869555,0.006853794674816735,0.0
대전광역시,동구,  면적(㎡)  ,137203823.68,1475935.4599999997,984497.1499999999,151593.65000000002,1932795.3499999999,0.0,312838.05,0.0,175.81,421080.42000000004,12059231.680000002,1957.68,10796.66,338780.22,314176.72,0.0,817689.93,0.0,7274772.05,616907.41,1007469.89,8866.36,176717.08,37411845.77,25884163.589999996,15088401.979999999,105503.81999999999,6263.67,2447330.5900000003,10721918.829999996,1518347.76,0.0,0.0,0.0,410384.47000000003,269594.47000000003,0.0,105238.16999999998,1960153.5900000003,220167.58000000005,13148227.82,0.0
대전광역시,동구,  비율(%)  ,1.0,0.010757247286652293,0.00717543522909492,0.0011048791931160852,0.014087037067624672,0.0,0.0022800971693735816,0.0,1.281378282940868e-06,0.0030690137396030917,0.08789282511634446,1.426840701295534e-05,7.869066408222712e-05,0.0024691747716166852,0.0022898539674284387,0.0,0.005959673047502637,0.0,0.053021642217252814,0.004496284385184563,0.007342870358698738,6.462181418995275e-05,0.001287989468953552,0.2726734923747863,0.1886548267806992,0.1099707105480575,0.0007689568495267754,4.565229912694515e-05,0.017837189404487013,0.07814591854966586,0.011066366222717212,0.0,0.0,0.0,0.0029910570929651222,0.0019649195100332937,0.0,0.0007670206789968667,0.014286435592142531,0.001604675249528731,0.09582989356525198,0.0
대전광역시,중구,  면적(㎡)  ,62095048.17,1316912.0999999999,1005556.85,30520.100000000002,1665424.2400000002,0.0,376980.74000000005,0.0,0.0,129145.73999999999,9748900.419999998,1874.12,5984.500000000001,266230.47,304634.06000000006,0.0,442262.48000000004,0.0,3610302.01,261371.54,140480.54,22574.439999999995,75365.44999999998,16109959.04,8634956.33,8266254.01,90048.38,0.0,962053.0800000001,5575766.370000001,676965.9600000001,0.0,0.0,0.0,45421.45,107665.92,52282.18,124378.41999999998,1400275.63,604458.8500000001,40042.75,0.0
대전광역시,중구,  비율(%)  ,1.0,0.02120800512779439,0.01619383315795244,0.0004915061812407964,0.026820564426337252,0.0,0.006071027418610344,0.0,0.0,0.0020798073889311225,0.156999643406509,3.0181472681511568e-05,9.637644508489639e-05,0.004287467001734673,0.004905931615770579,0.0,0.007122346999219664,0.0,0.05814154455788386,0.004209217122828105,0.0022623469043038832,0.00036354654139565337,0.001213711112578077,0.2594403179444381,0.13906030487905813,0.13312259598171433,0.0014501700643418634,0.0,0.015493233492083787,0.08979405821113161,0.010902092517049738,0.0,0.0,0.0,0.0007314826437632828,0.001733888984275185,0.0008419701979595066,0.0020030328289541606,0.022550520069916227,0.009734413094344493,0.0006448622101133317,0.0
대전광역시,서구,  면적(㎡)  ,95428554.96000001,1164797.2000000004,2093574.0499999996,66009.66000000002,2405440.2399999998,0.0,501667.3299999999,0.0,0.0,199459.55000000002,16479844.530000001,848.11,49328.88,541895.2000000002,447604.88,598.99,2992425.31,0.0,4921706.24,480019.1099999999,235786.55000000002,76388.70999999999,46107.170000000006,18708602.98,14000525.219999999,10243727.260000004,163016.94000000006,11046.37,2067778.6000000003,9812296.51,1905965.54,0.0,0.0,0.0,60440.82,81866.87000000001,0.0,338159.22,3420367.9499999997,1626168.82,285090.15,0.0
대전광역시,서구,  비율(%)  ,1.0,0.01220596078907659,0.021938654010610823,0.0006917181133851261,0.025206713451841202,0.0,0.005256993886266848,0.0,0.0,0.00209014534573646,0.172693011404267,8.887381773259537e-06,0.0005169194904049084,0.005678543494943855,0.004690471108858547,6.276842400590407e-06,0.03135775566605101,0.0,0.05157477488853301,0.0050301412423273675,0.0024708175671195346,0.0008004806321548012,0.00048315905044696907,0.1960482686533599,0.14671211594756395,0.1073444658602845,0.0017082616421083868,0.00011575539422796683,0.021668342362165433,0.10282348416690307,0.019972696231216197,0.0,0.0,0.0,0.0006333619955298964,0.0008578865103250852,0.0,0.0035435852522522565,0.03584218530222622,0.017040694168340153,0.0029874721472990854,0.0
대전광역시,유성구,  면적(㎡)  ,176057712.91000006,734338.49,1682624.19,942751.6799999999,3007689.8499999996,370.66,825983.0900000001,0.0,0.0,102007.14000000001,25257647.849999998,1637.79,96205.1,1383117.83,865084.23,0.0,5136016.5600000005,0.0,10995969.57,1985447.16,1412571.42,69596.97,321990.88999999996,40452163.16,31284354.490000002,13094944.34,214188.21,631426.21,3393523.13,20042072.44,2319320.24,0.0,0.0,0.0,191103.28,341186.21,0.0,492592.62000000005,6154166.44,2090263.18,535358.49,0.0
대전광역시,유성구,  비율(%)  ,1.0,0.004171010050411087,0.009557230763642547,0.005354787725101998,0.01708354493698051,2.1053323587673765e-06,0.004691547313364448,0.0,0.0,0.0005793960305058922,0.14346231944357699,9.302574553136625e-06,0.0005464407006648986,0.00785604792393869,0.00491364005416921,0.0,0.029172346244356304,0.0,0.06245661941332325,0.011277251801032721,0.008023343008676367,0.0003953077025121738,0.0018288939727656255,0.22976649242671332,0.17769374583431302,0.0743787030034525,0.0012165795321304217,0.0035864728648541647,0.01927506085311215,0.11383808246018408,0.01317363608594431,0.0,0.0,0.0,0.0010854581537003787,0.001937922538925704,0.0,0.002797904231845902,0.0349553924010474,0.01187260214534613,0.003040812476495551,0.0
대전광역시,대덕구,  면적(㎡)  ,69134210.68000002,834655.81,707822.5,2384439.33,2188386.12,0.0,259085.79,0.0,212.48,797504.3200000001,13139977.36,5095.3099999999995,75864.51,225970.75000000003,306876.63,0.0,546901.03,0.0,3230430.4699999997,130989.62000000001,443496.5,4590.04,11788.95,13795894.39,8548497.649999999,2245175.6,96860.81,36667.59,1316993.2,8330828.279999999,727602.84,0.0,0.0,0.0,231321.99,152584.54,0.0,206620.52000000002,2162089.49,1479069.7,4509916.559999999,0.0
대전광역시,대덕구,  비율(%)  ,1.0,0.012072978078296905,0.01023838260447179,0.034490005838597064,0.03165417090142728,0.0,0.0037475771756363086,0.0,3.0734421917898425e-06,0.011535595939489213,0.19006476288303514,7.370171655802287e-05,0.001097351213730527,0.003268580747178062,0.0044388534559312905,0.0,0.00791071489239139,0.0,0.04672694514373819,0.0018947149133778172,0.006415007789020726,6.639317864271013e-05,0.00017052266720115242,0.19955235265296872,0.12365075938406585,0.032475609078581866,0.0014010546883703853,0.0005303827097950457,0.0190498045330399,0.12050225493367847,0.010524497681297599,0.0,0.0,0.0,0.0033459843936125186,0.0022070771980932085,0.0,0.0029886870475223882,0.03127380017409348,0.02139417931371397,0.06523422363025086,0.0
광주광역시,동구,  면적(㎡)  ,48737932.790000014,793869.6499999999,452357.56999999995,6714.91,1234944.7999999998,0.0,142986.23,0.0,0.0,45024.24,5392121.659999999,938.7299999999999,13620.84,212753.08,176042.93,0.0,78636.14,0.0,1574215.16,22175.410000000003,45383.74,3147.79,31961.74,19083844.66,9566391.409999998,4093735.7,104357.3,6158.03,392827.82999999996,3998943.2,257282.51999999996,0.0,0.0,0.0,24364.32,48860.350000000006,0.0,103315.09,710187.52,51772.82,68997.42,0.0
광주광역시,동구,  비율(%)  ,1.0,0.01628853758366389,0.00928142709599727,0.00013777584759150385,0.02533847312156383,0.0,0.002933777077006798,0.0,0.0,0.0009238028250807965,0.11063500955679326,1.9260767666219263e-05,0.0002794710243187562,0.004365246283971494,0.0036120311207807373,0.0,0.001613448406579412,0.0,0.032299588223877136,0.0004549928306468904,0.000931179009900719,6.458603842643609e-05,0.0006557877646907066,0.3915604041358849,0.19628225618881434,0.08399485709906736,0.002141192578882047,0.00012634983979590322,0.008060001881749894,0.0820499141239839,0.005278896852448959,0.0,0.0,0.0,0.0004999046657350031,0.0010025117439947126,0.0,0.002119808618990054,0.014571556062092879,0.0010622695103437519,0.0014156821196601263,0.0
광주광역시,서구,  면적(㎡)  ,47523036.32999999,945109.82,1199964.4099999997,435722.51,2562453.19,0.0,382786.98,0.0,0.0,70190.62,13750286.540000001,1800.39,133162.55,237244.40000000002,270774.55000000005,0.0,3963482.6599999997,0.0,3362877.02,486700.43000000005,257913.55000000002,3569.12,157897.69999999998,1672193.0799999996,2611969.28,1554894.8199999998,154786.90999999997,7233.57,313408.63999999996,7626408.970000001,426830.93000000005,0.0,0.0,0.0,8908.68,18293.000000000004,0.0,220441.9,3141431.5799999996,1262305.58,281992.94999999995,0.0
광주광역시,서구,  비율(%)  ,1.0,0.019887403941052016,0.02525016292451194,0.00916865889995628,0.05392023296252208,0.0,0.00805476689961321,0.0,0.0,0.0014769809637708393,0.2893393941523013,3.7884574283050664e-05,0.0028020631736431815,0.0049921978543747665,0.005697753571967528,0.0,0.08340129263790247,0.0,0.07076309259046876,0.010241358035718762,0.00542712692448875,7.510294534246567e-05,0.0033225507499890844,0.035187000013809935,0.05496217164792425,0.03271875999678996,0.0032570921799937105,0.00015221186520512044,0.006594878278056355,0.16047815036569238,0.008981558481156083,0.0,0.0,0.0,0.00018746024429369625,0.00038492910833755236,0.0,0.00463863248276586,0.06610334319099262,0.026561972413432285,0.005933815929643905,0.0
광주광역시,남구,  면적(㎡)  ,60581655.28999999,1344667.3799999997,772721.44,41056.59,1361595.7199999997,0.0,256695.02000000005,0.0,609.05,51238.57,9754404.85,1076.1,46259.049999999996,307207.60000000003,292238.7,22.34,9639058.47,66.77,4722051.7700000005,3386615.2199999997,304050.32000000007,7044.469999999999,77929.62000000002,4349681.390000001,6329311.68,3211289.92,165441.47,99913.48,840093.5599999999,8498925.09,500695.18000000005,0.0,0.0,0.0,2015.0900000000001,4488.26,197123.47,204664.83,2372007.9400000004,1157863.22,281531.66,0.0
광주광역시,남구,  비율(%)  ,1.0,0.022195949806309755,0.012755040057935664,0.0006777066391379548,0.02247537993939155,0.0,0.004237174087951536,0.0,1.0053373369950388e-05,0.0008457769890031013,0.1610125177878744,1.7762802862496697e-05,0.0007635818100142903,0.0050709674162817036,0.004823881067644562,3.6875849451554334e-07,0.15910853580772144,1.1021488217906368e-06,0.0779452417963141,0.05590166204255262,0.005018851309765856,0.00011628057976096282,0.0012863567300523003,0.07179865537147163,0.10447571380646573,0.053007629201080556,0.0027308839484171186,0.0016492365472967256,0.013867127862032376,0.14028875654381284,0.008264798602864325,0.0,0.0,0.0,3.326237935153654e-05,7.408612357181436e-05,0.003253847539430612,0.0033783301070313162,0.039153897803639905,0.019112439474580096,0.0046471437376930085,0.0
광주광역시,북구,  면적(㎡)  ,119464122.93999998,1738699.5799999998,1576887.8400000003,1445680.5399999998,3504088.19,0.0,554554.16,0.0,0.0,98864.62,20703102.819999997,3078.1099999999997,19447.449999999997,777686.6900000001,455659.23000000004,26482.89,7944594.61,582.55,6052391.9399999995,688133.16,483238.25000000006,37308.2,214061.44,18980998.649999995,21070154.52,8461057.860000001,165755.33000000002,6980.54,1884064.63,14816397.769999996,1188309.6,0.0,0.0,0.0,17728.829999999998,34268.729999999996,0.0,568177.7499999999,3686222.65,1204525.2000000002,1054938.61,0.0
광주광역시,북구,  비율(%)  ,1.0,0.014554156823076075,0.013199677034350984,0.012101378258358643,0.029331719881791653,0.0,0.00464201424120044,0.0,0.0,0.0008275674534492172,0.1732997515111544,2.576597830585471e-05,0.00016278904093882095,0.0065097928219888055,0.003814193071411504,0.0002216806966665703,0.06650192890119921,4.876359409532363e-06,0.0506628416218296,0.005760165839459685,0.004045049158756249,0.00031229627005873367,0.0017918470812154279,0.15888451011801316,0.1763722362954302,0.07082509503082786,0.0013874904525373653,5.8432103532086596e-05,0.015770966074444445,0.12402382745019966,0.009946999741477365,0.0,0.0,0.0,0.0001484029645360907,0.00028685373613977164,0.0,0.004756053416014808,0.030856315346251523,0.010082735890548198,0.008830589335426131,0.0
광주광역시,광산구,  면적(㎡)  ,222065385.85,1758829.54,1844727.1599999997,5862050.83,4009490.73,0.0,510920.00000000006,0.0,0.0,714621.49,31700192.880000003,7182.43,60627.91999999999,536754.9200000002,565649.57,55413.03,36500738.31999999,3225.4700000000003,21097496.69,3643038.35,1897068.8499999999,171733.44999999998,324905.93000000005,14519597.040000003,32077821.89,13908637.500000002,499528.77,515913.22000000003,3347940.19,29839517.81,3383261.9999999995,0.0,0.0,0.0,47710.31,34465.21,0.0,500145.51,6381681.609999999,3979878.0900000003,1764619.1400000001,0.0
광주광역시,광산구,  비율(%)  ,1.0,0.007920322806130841,0.008307135094192798,0.02639785938525187,0.018055451166569102,0.0,0.0023007637955116274,0.0,0.0,0.0032180679004278055,0.14275161686573137,3.234376205236941e-05,0.00027301832641739467,0.002417103043526854,0.002547220800913489,0.00024953474756047846,0.16436932834122736,1.4524866122893778e-05,0.09500578673819463,0.016405250805097502,0.008542839050483203,0.0007733463247441991,0.0014631092943925375,0.06538433256683981,0.14445214758354022,0.06263307289770484,0.0022494670571370366,0.002323249154861476,0.01507637121015094,0.13437266549121663,0.015235431614206252,0.0,0.0,0.0,0.00021484802693305476,0.0001552029816266838,0.0,0.0022522443472475116,0.028737849375186628,0.01792210017228131,0.007946394406519345,0.0
울산광역시,중구,  면적(㎡)  ,36990842.99,1209182.0199999998,899904.8900000001,12625.109999999999,1461152.55,0.0,290450.14,0.0,0.0,0.0,8336400.709999999,0.0,2446.45,224708.44000000003,172334.39999999997,0.0,351867.32,0.0,2867630.67,135166.91,340583.18,168.77,3846.3399999999997,2075549.6600000001,8184061.970000001,1758521.48,49066.82,0.0,103330.72,4908919.85,586290.61,0.0,0.0,0.0,24252.71,2599.72,0.0,115513.70999999998,1889614.0399999996,917692.96,66960.84,0.0
울산광역시,중구,  비율(%)  ,1.0,0.03268868515180599,0.02432777458581514,0.0003413036573244096,0.03950038528170347,0.0,0.00785194703669012,0.0,0.0,0.0,0.2253639018784632,0.0,6.613663821236423e-05,0.006074704489993566,0.0046588394875615126,0.0,0.00951228173132261,0.0,0.07752271746754263,0.0036540640621934633,0.009207229478173078,4.562480504854264e-06,0.00010398086902317442,0.056109823194921464,0.2212456194148497,0.04753937293279295,0.0013264585511950776,0.0,0.0027934134950083223,0.13270635252424667,0.015849614731908004,0.0,0.0,0.0,0.0006556409110913316,7.028009609574998e-05,0.0,0.0031227650051453984,0.05108329216803284,0.02480865224531613,0.0018102004330666915,0.0
울산광역시,남구,  면적(㎡)  ,74563525.11999999,834472.3399999999,1320822.3,5747543.7,2734231.8000000007,0.0,531590.9299999999,0.0,1484711.73,329974.61000000004,24236125.630000003,0.0,31342.19,409187.26,914428.2100000002,0.0,86417.64000000001,0.0,1186927.55,18331.260000000002,202703.28,413.16,1656.29,6077006.65,5064225.07,1311322.23,99447.39,14046.29,248071.72,13051569.659999998,227087.32,0.0,0.0,0.0,7394.42,233.06,0.0,212275.05000000002,5907284.37,929534.3,441513.2,901634.51
울산광역시,남구,  비율(%)  ,1.0,0.011191428230586317,0.01771405386044066,0.07708251039298504,0.03666983012940471,0.0,0.007129369609932949,0.0,0.0199120377907369,0.004425415905014552,0.32503996546562425,0.0,0.0004203421170010263,0.005487767099818149,0.012263747033530814,0.0,0.0011589800758604481,0.0,0.01591834007431649,0.00024584755040079313,0.002718531341882995,5.541047037879103e-06,2.2213139699798573e-05,0.08150106422972725,0.06791826247283521,0.01758664478227931,0.0013337270446904539,0.00018838017619733483,0.003326984870964213,0.17503960064918134,0.003045555043629354,0.0,0.0,0.0,9.916939935577984e-05,3.1256569431893303e-06,0.0,0.0028469020162119724,0.07922485371356865,0.012466340593527992,0.00592130266493495,0.012092165821679437
울산광역시,동구,  면적(㎡)  ,36702661.27,497835.8400000001,733675.4199999999,1263211.94,825411.35,0.0,242971.58999999997,0.0,3909484.7800000003,0.0,5624585.21,3318.69,3120.78,188723.12,354977.22,0.0,34831.23,0.0,1286358.6800000002,19042.59,55998.35,171.41,0.0,5698767.9,9060994.930000002,2132331.52,582.3,0.0,32109.06,3275570.8000000003,31136.62,0.0,0.0,134314.04,495.13,256165.24,0.0,71823.38999999998,578787.9299999999,377.59,157241.19,228245.43
울산광역시,동구,  비율(%)  ,1.0,0.01356402568025553,0.019989706321369427,0.034417448116562686,0.022489141698143676,0.0,0.006619999247809312,0.0,0.10651774679880045,0.0,0.15324733998505496,9.042096363493479e-05,8.502871159783885e-05,0.005141946482073178,0.009671702479246404,0.0,0.0009490110197668508,0.0,0.03504810374749155,0.0005188340393061638,0.0015257299624147934,4.6702335489799205e-06,0.0,0.15526852012385423,0.24687569283719138,0.05809746340500174,1.586533455207402e-05,0.0,0.0008748428285293112,0.0892461387446415,0.0008483477470733282,0.0,0.0,0.003659517739379447,1.3490302415882551e-05,0.0069794731808558025,0.0,0.001956898696572364,0.015769644760694486,1.0287809846329433e-05,0.004284190425409988,0.006218770576905361
울산광역시,북구,  면적(㎡)  ,158134647.81,836671.5700000001,802457.2600000001,4102863.09,1811677.21,0.0,337698.99,7265.47,44556.329999999994,141291.25,16853214.15,2636.3599999999997,7466.39,254499.21000000002,303482.37,1233107.73,3148303.39,577312.14,8541023.24,1454309.9500000002,805533.2400000001,69297.27,3260.7299999999996,47100719.980000004,34409254.18,9717644.8,120627.45999999999,428073.95,622966.87,15236684.18,1855924.5999999996,0.0,0.0,240939.77,319593.61,57790.49,0.0,142261.98,4994429.640000001,656118.51,424575.16000000003,469115.29000000004
울산광역시,북구,  비율(%)  ,1.0,0.005290880787904668,0.005074518905965242,0.025945377226435674,0.011456548170118569,0.0,0.0021355154906073964,4.5944833093943575e-05,0.0002817619706816862,0.0008934869869237166,0.10657508890935316,1.6671615212167837e-05,4.721539588826179e-05,0.0016093829753602309,0.0019191390008635957,0.007797833979316085,0.01990900434282252,0.003650763118615504,0.054011080799080194,0.00919665595200468,0.005093970557090401,0.0004382168674588077,2.0619959288857378e-05,0.2978519927940895,0.21759465529238717,0.061451711782201116,0.000762814864867153,0.002707021869832942,0.003939471068658524,0.0963525981877608,0.011736356489249006,0.0,0.0,0.0015236368078518187,0.00202102204941193,0.0003654511569750085,0.0,0.000899625616335067,0.03158339876281159,0.004149112917925055,0.002684896484609308,0.0029665560109486296
울산광역시,울주군,  면적(㎡)  ,757927074.4799999,3318916.98,978301.7099999998,7664457.2,4081274.79,0.0,656461.31,0.0,1406261.75,723885.16,51116255.65,10550.25,157245.28999999998,363515.93,1159166.76,12846839.96,22185422.880000003,2185854.21,34617624.15,1672564.6099999999,9912118.83,1092726.39,188911.85,234978972.32,187230146.45999995,60292272.239999995,702331.5399999999,1899044.95,3004515.06,62919456.70999999,8454937.66,0.0,0.0,128858.37,845874.2700000001,1069142.84,893059.32,250888.13,25135974.259999998,3932762.7699999996,9790311.29,60170.630000000005
울산광역시,울주군,  비율(%)  ,1.0,0.004378939731473571,0.001290759682481583,0.010112393999460232,0.005384785591410742,0.0,0.0008661272727991493,0.0,0.001855405087573644,0.0009550855014602092,0.06744218193428429,1.3919874820725116e-05,0.00020746757213797005,0.0004796186100745929,0.0015293908860496684,0.016949968397439803,0.029271184032079896,0.002883990140475817,0.04567408305574851,0.002206761925146316,0.013077932117414497,0.001441730249245549,0.0002492480561267837,0.3100284713819134,0.2470292364056993,0.07954890947966918,0.0009266479106606093,0.0025055774017611132,0.003964121564150936,0.08301518553505678,0.011155344550530511,0.0,0.0,0.000170014206298683,0.0011160364875213611,0.0014106143928603154,0.0011782918833091057,0.0003310188254880983,0.03316410655635351,0.005188840592214227,0.012917220692659588,7.938841614977534e-05
세종특별자치시,세종시,  면적(㎡)  ,465215485.70000005,2537861.88,1574955.27,2301085.4999999995,4186170.9,0.0,974515.53,282.94,0.0,1179264.38,41236043.43000001,2235.78,42396.54,728206.86,1107483.2,20548950.89,13688769.290000001,5126358.09,33253991.85,3064759.0399999996,7424719.34,1487228.26,705709.3899999999,112002193.05,55958994.88999999,24959280.7,828574.0700000002,1212944.79,9180450.090000002,73544459.17000002,8509246.549999999,0.0,0.0,0.0,1558430.2,156341.54,469238.39999999997,324531.66000000003,26018496.77000001,7691878.04,1629437.4200000004,0.0
세종특별자치시,세종시,  비율(%)  ,1.0,0.005455239470761236,0.003385431737359726,0.00494627881214574,0.008998348139037451,0.0,0.0020947615888874953,6.081912762948251e-07,0.0,0.0025348777421404737,0.08863858727306334,4.805901928728509e-06,9.113312282846047e-05,0.0015653108771826077,0.002380581115724454,0.044170823030708926,0.02942457788008238,0.01101931953594897,0.07148083602583309,0.006587826790392673,0.015959742459622082,0.003196858887365279,0.0015169516314319023,0.24075336374814058,0.12028618266178233,0.053651010052780786,0.0017810543618367778,0.0026072751816825428,0.019733758596161884,0.15808686819472315,0.018290978721820304,0.0,0.0,0.0,0.0033499104133540665,0.0003360626307715362,0.001008647421299716,0.0006975942761485766,0.05592783896875342,0.016534011176403966,0.003502543380619026,0.0
경기도,수원시 장안구,  면적(㎡)  ,33342491.5,664382.31,1028591.05,124686.38,1020567.7999999998,0.0,315292.31,0.0,0.0,105063.22,7388052.22,2019.33,22149.870000000003,328684.31000000006,212141.07,0.0,190773.72999999998,0.0,1268313.4500000002,93580.00999999998,50288.729999999996,8796.369999999999,29730.4,9254417.9,3778727.2299999995,1671083.1300000001,35306.04,0.0,253350.63,3558041.9000000004,148390.84,0.0,0.0,0.0,31678.78,0.0,0.0,216395.8,931744.09,67501.63,542740.97,0.0
경기도,수원시 장안구,  비율(%)  ,1.0,0.0199259947325772,0.0308492558212094,0.003739563973496102,0.030608624433480017,0.0,0.00945617126422601,0.0,0.0,0.003151030870023615,0.22158068841376174,6.056326054698102e-05,0.0006643135831645935,0.00985782091299326,0.006362484039322616,0.0,0.005721639908043464,0.0,0.03803895248799869,0.0028066291926624612,0.0015082475165360692,0.00026381861715403,0.00089166701894488,0.2775562797999064,0.1133306798623612,0.05011872403116606,0.0010588902751913426,0.0,0.007598431269000999,0.10671193842847648,0.00445050244670528,0.0,0.0,0.0,0.0009501023641259682,0.0,0.0,0.0064900908799811795,0.02794464504849615,0.002024492680758425,0.016277756867689386,0.0
경기도,수원시 권선구,  면적(㎡)  ,47155715.98,701829.19,1480781.5400000003,464350.9,2093866.79,0.0,273462.39,0.0,0.0,177747.53999999998,13811878.88,309.56,14243.41,318707.65,214833.80000000002,1119754.5,7453026.760000001,430541.53,3465401.62,602464.56,434093.87,12597.0,126999.04,828863.0499999999,2006746.4100000001,722070.8300000001,130060.53999999998,158669.01,172148.97,6468492.32,504140.03,0.0,0.0,0.0,59785.47,7651.78,0.0,242529.38,2123990.84,478177.17,55499.649999999994,0.0
경기도,수원시 권선구,  비율(%)  ,1.0,0.014883226251885658,0.03140195221779772,0.009847181626866692,0.04440324457989494,0.0,0.005799135572790003,0.0,0.0,0.003769374217017243,0.29289935680030793,6.564633651862961e-06,0.0003020505511153942,0.006758621799638722,0.004555837941069897,0.023745891176266264,0.15805139642373428,0.009130208736149913,0.07348847425982823,0.01277606643180906,0.00920554085498587,0.0002671362259740203,0.0026931844286674322,0.01757714908520407,0.04255574045044964,0.015312477289206036,0.0027581076290976504,0.0033647884822127563,0.003650649055419135,0.13717302739594625,0.010690963322745843,0.0,0.0,0.0,0.001267830818757086,0.0001622662245918464,0.0,0.00514315974128912,0.04504206533309432,0.010140386166606138,0.001176944275929113,0.0
경기도,수원시 팔달구,  면적(㎡)  ,12867490.660000004,706882.16,730887.25,2355.96,1356467.98,0.0,243564.34999999998,0.0,0.0,130972.56,5780549.2700000005,0.0,1240.81,177088.03,153091.4,0.0,0.0,58.85,35274.72,443.2,0.0,22.74,234.98000000000002,313052.14,373351.97,110641.69,11737.66,0.0,2910.91,1900784.9900000002,9746.8,0.0,0.0,0.0,6683.44,0.0,0.0,117787.58,448421.94999999995,40658.56,212578.71,0.0
경기도,수원시 팔달구,  비율(%)  ,1.0,0.054935509857988105,0.05680107095566369,0.00018309397397301078,0.1054182214576404,0.0,0.0189286595526466,0.0,0.0,0.010178562663126112,0.44923671776731633,0.0,9.642983490613232e-05,0.013762437034479257,0.01189753340765199,0.0,0.0,4.573541303040665e-06,0.0027413829884994833,3.444339006809894e-05,0.0,1.76724433697782e-06,1.8261524815437477e-05,0.02432891915539964,0.02901513433078333,0.00859854441891625,0.0009121949500602937,0.0,0.00022622204102691758,0.1477199432449403,0.0007574748066691036,0.0,0.0,0.0,0.0005194050787832472,0.0,0.0,0.009153888905950834,0.034849215114953876,0.003159789353987375,0.016520603404113907,0.0
경기도,수원시 영통구,  면적(㎡)  ,27701661.009999998,202224.56999999998,1131431.17,613569.1599999999,1659267.2400000002,0.0,338010.83999999997,0.0,0.0,57244.56,10336339.3,6051.53,3233.83,422071.69000000006,121832.09,9.01,17212.46,295.85,96838.71999999999,4743.8099999999995,5637.67,29.689999999999998,0.0,2208058.73,1503558.6099999999,1142139.3,51446.65,79678.32,107761.51000000001,5734071.01,104733.60000000002,0.0,0.0,0.0,74803.56000000001,6283.33,0.0,235833.09000000003,779358.0800000001,111709.82,546182.2100000001,0.0
경기도,수원시 영통구,  비율(%)  ,1.0,0.0073000882483905604,0.040843441466977944,0.02214918303196722,0.059897752679921354,0.0,0.012201825727272518,0.0,0.0,0.0020664666995721063,0.3731306688168877,0.00021845368758990528,0.0001167377652492615,0.015236331491011921,0.004398006673896556,3.252512546719667e-07,0.0006213511887892386,1.0679865004961306e-05,0.0034957730500363234,0.00017124641003611789,0.00020351378922602736,1.0717768869268248e-06,0.0,0.0797085318892219,0.05427683955331168,0.04122999337793139,0.0018571684196636556,0.002876301170938342,0.0038900739548108423,0.20699376141849626,0.003780769678835949,0.0,0.0,0.0,0.0027003276075393727,0.00022682141687214302,0.0,0.008513319468997431,0.02813398372460988,0.004032603675269652,0.01971658702353026,0.0
경기도,성남시 수정구,  면적(㎡)  ,45272876.26,911144.8099999999,655534.0600000002,4822.89,1111671.21,0.0,206850.89999999997,0.0,0.0,17399.21,7528521.370000001,5473.34,179100.64,256027.24,195696.94999999998,0.0,8850.11,0.0,1658665.78,500553.13,122813.36,25726.870000000003,68161.88,19886574.319999997,2165696.8,1823096.67,44371.32,2122.02,210011.05000000002,4741238.38,181928.58000000002,0.0,0.0,0.0,35372.18000000001,33399.36,0.0,124188.62999999999,2162350.8000000003,280435.42,125076.98,0.0
경기도,성남시 수정구,  비율(%)  ,1.0,0.020125622343218005,0.014479620341223715,0.00010652934821950278,0.024554905758930018,0.0,0.004568980747149021,0.0,0.0,0.0003843186348505263,0.16629209345489906,0.00012089667041623037,0.003956025214113489,0.005655201550032907,0.00432260916837096,0.0,0.00019548371411558292,0.0,0.036637075375427014,0.011056358052564342,0.00271273597230025,0.0005682623267020147,0.0015055787400948316,0.43926023621278965,0.047836518880808566,0.04026907103339407,0.0009800861722409151,4.687177346129588e-05,0.004638783027478008,0.10472580431539827,0.0040184895467032565,0.0,0.0,0.0,0.0007813106416490801,0.0007377344396717595,0.0,0.002743113322131126,0.04776261149350709,0.006194336281827392,0.002762735446312021,0.0
경기도,성남시 중원구,  면적(㎡)  ,26411380.07,582718.99,619855.7100000001,339076.43,955831.1399999999,0.0,228275.02999999997,0.0,0.0,61880.920000000006,5551264.359999999,516.89,1017.56,166239.73,131977.37,0.0,9857.970000000001,0.0,944498.7899999999,161599.66999999998,9023.02,1587.5,85615.09000000001,10812549.590000002,669054.0100000001,1685504.4800000002,6961.07,0.0,221623.05000000002,2469643.2,64296.4,0.0,0.0,0.0,6488.07,387.52,0.0,111962.59,471946.43999999994,38954.66,1172.82,0.0
경기도,성남시 중원구,  비율(%)  ,1.0,0.02206317838960242,0.02346926621619739,0.012838270060152899,0.036190124766925895,0.0,0.008643055735633128,0.0,0.0,0.0023429642766107832,0.2101845623093939,1.9570730443848403e-05,3.852733167684107e-05,0.006294246251403856,0.004996988784766672,0.0,0.0003732470614512648,0.0,0.03576105404173224,0.0061185621338870075,0.0003416337948295634,6.010666598233539e-05,0.003241598499324462,0.4093897994479166,0.02533203521462179,0.06381735734871806,0.0002635632814926963,0.0,0.008391195363991443,0.09350678357035964,0.002434420307821499,0.0,0.0,0.0,0.00024565433471496743,1.4672463119039125e-05,0.0,0.004239179842297426,0.017869056397248687,0.0014749195194176008,4.440585826608037e-05,0.0
경기도,성남시 분당구,  면적(㎡)  ,69821471.17,492353.32,1691782.0899999994,13351.469999999998,2216214.94,0.0,336967.3499999999,0.0,0.0,0.0,15395656.92,4888.28,10220.13,377672.82999999996,410287.4,0.0,75911.98,0.0,1949662.1099999996,133392.24,59254.880000000005,2595.2000000000003,20117.109999999997,25142644.250000004,5100358.45,2543704.04,74450.92,358630.19,921276.9700000001,9626202.010000002,368639.0299999999,0.0,0.0,0.0,61512.84,5837.370000000001,0.0,422467.41,1201471.7400000002,489705.6100000001,314242.09,0.0
경기도,성남시 분당구,  비율(%)  ,1.0,0.007051603349938408,0.024230112337233347,0.00019122298307768524,0.03174116647591114,0.0,0.004826127899533342,0.0,0.0,0.0,0.22050032263735814,7.001112864118987e-05,0.00014637517412253057,0.005409121630801065,0.005876235391847302,0.0,0.001087229740765143,0.0,0.02792353236518032,0.0019104759290336218,0.0008486627251913289,3.7169082182202324e-05,0.00028812211577466246,0.3600990329863312,0.07304856750413843,0.03643154458614367,0.0010663040860128584,0.005136388334282072,0.013194751622418443,0.1378687937778095,0.005279737361913279,0.0,0.0,0.0,0.0008810017745147433,8.360422520727589e-05,0.0,0.006050680441427312,0.01720776889783201,0.007013682206833971,0.004500651228543857,0.0
경기도,의정부시,  면적(㎡)  ,81821331.71999998,947853.35,1484595.97,139856.95,2144001.36,0.0,502856.33999999997,0.0,0.0,329514.81999999995,14383977.06,436.65,65447.880000000005,377608.7500000001,367367.63,272941.72,147039.96000000002,32764.14,2593878.2699999996,222755.63,310429.05999999994,26825.809999999998,37700.759999999995,27911888.189999998,9099351.95,6887315.56,131630.49,0.0,846652.3899999999,7367154.32,296893.58,0.0,0.0,0.0,202666.75999999998,892405.7999999999,0.0,229047.05,3083829.6300000004,472360.61000000004,12283.28,0.0
경기도,의정부시,  비율(%)  ,1.0,0.011584428291189884,0.018144363319341,0.0017092969163420998,0.0262034522651986,0.0,0.0061457853279731495,0.0,0.0,0.004027248311328268,0.1757973960778746,5.336627879563925e-06,0.0007998877386152622,0.004615040382038898,0.004489875956274646,0.003335825930260232,0.0017970858810167512,0.0004004351837259488,0.03170173615453347,0.002722463999514087,0.0037939868916130126,0.0003278583889565664,0.00046076932760047727,0.3411321669209322,0.11121002015878703,0.08417506065006394,0.0016087551648566595,0.0,0.010347575286324124,0.09003953083055492,0.0036285596159201707,0.0,0.0,0.0,0.0024769428184515992,0.01090676210274716,0.0,0.0027993561725910276,0.03768980002126029,0.0057730740880197464,0.00015012319821479438,0.0
경기도,안양시 만안구,  면적(㎡)  ,36542225.60999999,479734.54000000004,820744.0400000002,289727.02999999997,1028690.7099999998,0.0,233045.29000000004,0.0,0.0,219201.91999999998,6016910.569999999,4336.42,47103.25000000001,244546.6,206442.46999999997,0.0,0.0,0.0,382491.43999999994,34334.909999999996,21337.05,279.33,28376.81,14109061.29,5319478.75,1968295.7300000002,100077.39,0.0,29150.899999999998,2556415.3499999996,95731.79999999997,0.0,0.0,0.0,105225.13,903964.35,0.0,154553.41000000003,786542.0700000001,352365.57999999996,4061.48,0.0
경기도,안양시 만안구,  비율(%)  ,1.0,0.013128224457919111,0.02246015469225823,0.00792855457388218,0.028150740487971063,0.0,0.006377424639845304,0.0,0.0,0.005998592486934187,0.16465637955979992,0.0001186687435593226,0.0012890087895223855,0.006692164911079702,0.005649422457276543,0.0,0.0,0.0,0.01046710849202707,0.0009395954796635061,0.0005839012168476403,7.644033589556727e-06,0.0007765484867521184,0.38610295499185393,0.14557073799424777,0.05386359744496144,0.002738678017811078,0.0,0.0007977319255569011,0.06995784485826233,0.0026197583316819764,0.0,0.0,0.0,0.002879549021535364,0.024737528568939297,0.0,0.0042294470963395725,0.021524197195716462,0.009642696199203944,0.00011114484496227707,0.0
경기도,안양시 동안구,  면적(㎡)  ,21976909.299999993,143038.62000000002,932613.37,206855.31,1440448.1599999997,0.0,279081.82,0.0,0.0,0.0,7143835.779999999,668.45,15796.66,228937.93,142468.53,0.0,0.0,0.0,259102.61000000002,30310.33,0.0,0.0,12650.95,4971273.630000001,777882.56,1076093.5999999999,42971.49,0.0,86508.79000000001,2338825.45,45302.91,0.0,0.0,0.0,12702.149999999998,635462.9500000001,0.0,239032.58999999997,800415.7899999999,106271.35,8357.52,0.0
경기도,안양시 동안구,  비율(%)  ,1.0,0.00650858671924355,0.042436056738879124,0.009412393124814874,0.06554370955155192,0.0,0.012698865713569655,0.0,0.0,0.0,0.3250609848037186,3.041601486702228e-05,0.0007187844197910033,0.010417203205184092,0.00648264631096239,0.0,0.0,0.0,0.011789765633696277,0.0013791898390371029,0.0,0.0,0.0005756473682129636,0.2262044021813387,0.035395448440058874,0.048964737730432376,0.0019553017857702132,0.0,0.003936349229962014,0.1064219457828859,0.0020613867665186213,0.0,0.0,0.0,0.0005779770861592445,0.028915028101790467,0.0,0.0108765334896295,0.03642076231347054,0.004835591235752156,0.0003802864127031731,0.0
경기도,부천시 원미구,  면적(㎡)  ,20624057.529999997,681979.3699999999,1335770.4800000004,253357.00999999998,2006615.2700000003,0.0,310296.95999999996,0.0,0.0,52392.18,8862712.06,2328.34,721.9800000000001,321574.65,196633.94999999998,0.0,1232.1,0.0,407081.75,24866.95,62934.29,6012.750000000001,73010.06,2224173.2,128197.62,141021.34,15436.96,0.0,22854.879999999997,2652566.5200000005,25800.47,0.0,0.0,0.0,0.0,454.65,0.0,308033.62,435573.24,24556.75,45868.130000000005,0.0
경기도,부천시 원미구,  비율(%)  ,1.0,0.03306717744595042,0.06476758892167427,0.012284537590697848,0.09729488327314613,0.0,0.015045388597691717,0.0,0.0,0.002540342991372562,0.42972688798546044,0.00011289437088764756,3.500669055784971e-05,0.015592210675917371,0.009534202943042315,0.0,5.9740911709918025e-05,0.0,0.01973819891686464,0.0012057253992735543,0.003051498954968247,0.0002915405948249409,0.0035400434610793102,0.10784362857622423,0.00621592622176903,0.006837710755745745,0.0007484928694339228,0.0,0.0011081660321571067,0.12861516295430936,0.001250989043376665,0.0,0.0,0.0,0.0,2.2044643704986796e-05,0.0,0.014935645885972276,0.021119667619546253,0.0011906847119816002,0.002224010960659884,0.0
경기도,부천시 소사구,  면적(㎡)  ,12889210.709999999,429647.98,886023.6600000001,38177.090000000004,755275.12,0.0,133399.21999999997,0.0,0.0,126714.83999999998,4432041.08,504.43,1011.6500000000001,181308.02,118140.74,0.0,12536.45,0.0,476228.01,27056.06,45292.490000000005,248.92,15323.84,2048999.2,385153.36,176065.47,5829.69,0.0,31353.579999999998,1898301.5,7644.15,0.0,0.0,0.0,435.92,0.0,0.0,139971.05,492823.91,11193.259999999998,12510.02,0.0
경기도,부천시 소사구,  비율(%)  ,1.0,0.03333392475822129,0.06874149860181782,0.002961941647084766,0.05859746861101629,0.0,0.010349681062821262,0.0,0.0,0.009831078322095333,0.343856670491191,3.913583316693254e-05,7.848812644634004e-05,0.014066650323229917,0.009165863035223824,0.0,0.0009726313179342851,0.0,0.036947802368574985,0.00209912465617532,0.0035139847597386365,1.9312276414790648e-05,0.0011888889354653123,0.1589701065566644,0.029881842159751613,0.013659910910091718,0.0004522922412523738,0.0,0.002432544606914879,0.14727833555604897,0.000593065795260011,0.0,0.0,0.0,3.3820534849491964e-05,0.0,0.0,0.010859551693991974,0.038235383150160326,0.0008684209027101862,0.0009705807656860008,0.0
경기도,부천시 오정구,  면적(㎡)  ,20077265.039999995,285105.19,964072.5199999999,405660.52,1261657.0999999999,0.0,114823.28000000001,0.0,0.0,0.0,6108804.539999999,0.0,124394.66,84879.37000000002,104485.28,0.0,2553981.36,0.0,1520981.58,195271.47,38419.51,26944.01,66309.88,1746693.1600000001,313053.55,99364.89,27364.09,27221.92,53312.93,2262015.72,191315.58,0.0,0.0,0.0,2929.14,0.0,0.0,84896.58,1214255.1700000002,185090.3,13961.74,0.0
경기도,부천시 오정구,  비율(%)  ,1.0,0.01420039977716009,0.0480181199022514,0.02020496911266556,0.06284008790472191,0.0,0.005719069792187195,0.0,0.0,0.0,0.3042647754975296,0.0,0.006195797074560113,0.004227636076472298,0.0052041590222489794,0.0,0.12720763285794628,0.0,0.07575641288640379,0.009725999512929677,0.0019135828472382416,0.0013420159541809786,0.003302734703551038,0.08699856063662346,0.01559243997508139,0.00494912478378081,0.001362939122708319,0.0013558579789511014,0.0026553880667403895,0.11266553066333385,0.009528966202261183,0.0,0.0,0.0,0.00014589337711905806,0.0,0.0,0.004228493264937246,0.060479112447877535,0.00921890006588268,0.0006954004926559461,0.0
경기도,광명시,  면적(㎡)  ,38549810.04,412777.49000000005,839606.0700000001,527798.8299999998,1463702.7999999998,0.0,315340.5,0.0,0.0,127496.72000000002,8685287.399999999,722.62,21149.120000000003,194340.1,202646.43000000002,0.0,532567.11,0.0,3039297.4400000004,1126170.69,79339.67,13967.49,59259.71,10474753.429999998,588938.77,588940.24,55760.75000000001,0.0,279723.57999999996,5031669.43,241386.83000000002,0.0,0.0,0.0,32495.2,0.0,0.0,157572.24,3119360.02,261390.75000000003,76348.61,0.0
경기도,광명시,  비율(%)  ,1.0,0.0107076400524852,0.021779771914020047,0.013691347102679519,0.037969131325971114,0.0,0.008180079218880634,0.0,0.0,0.0033073242090611355,0.2253003942428765,1.8745098853929397e-05,0.0005486180081835755,0.005041272571728606,0.005256742634781607,0.0,0.013815038503364827,0.0,0.07884078901676478,0.02921339142349766,0.0020581079366584604,0.00036232318617152905,0.0015372244360870007,0.2717199752510116,0.015277345579366181,0.015277383711849803,0.0014464597864980817,0.0,0.00725615975045671,0.13052384498857572,0.006261686626977735,0.0,0.0,0.0,0.0008429405998702037,0.0,0.0,0.0040874971844608345,0.08091764957501202,0.006780597614586846,0.001980518449268084,0.0
경기도,평택시,  면적(㎡)  ,459407073.90999997,4134616.71,3393003.2600000002,9147409.009999998,8884686.03,0.0,1016426.54,0.0,1834085.67,1342925.1199999999,72098748.01,7444.6900000000005,137960.72,603491.3600000001,2374239.12,101777813.26,27383828.32,12084245.86,27527297.630000003,4482782.43,4239203.129999999,1738652.53,267460.19,16669972.28,18175749.32,6198613.52,990685.4900000001,238827.43,3705535.41,59629393.269999996,9868216.629999999,35069.28,240.55,0.0,614618.92,10820.33,9193.68,415009.8,32847181.740000002,23749094.490000002,864471.8500000001,908060.33
경기도,평택시,  비율(%)  ,1.0,0.008999897791756665,0.00738561387643044,0.019911336871996053,0.0193394628306062,0.0,0.0022124747260620606,0.0,0.003992288700280889,0.0029231703129218366,0.15693869795336346,1.6204996446046128e-05,0.0003003016884912555,0.0013136309697273554,0.005168050852575955,0.2215416763041371,0.05960689304789552,0.02630400476238065,0.05991918538762581,0.009757756648906539,0.009227553015064106,0.0037845575933395624,0.000582185615305516,0.036285841526388266,0.03956349467000309,0.01349263838548193,0.0021564436994152164,0.0005198601492296294,0.008065908472985186,0.1297964194641062,0.021480332346674378,7.633595996144857e-05,5.236096996780788e-07,0.0,0.0013378525384230519,2.3552815388558326e-05,2.001205580434986e-05,0.0009033596206254812,0.07149907697423684,0.05169509970291089,0.0018817121004309008,0.001976591962921958
경기도,동두천시,  면적(㎡)  ,95920809.49000002,775836.03,438356.85,504603.39999999997,995622.4700000001,0.0,191743.77000000002,0.0,0.0,233629.11,7995673.28,0.0,44032.14000000001,104384.26,262958.38,55357.61,66229.1,60437.35,4500339.0,314243.32,36198.47,93751.58,40096.63,44448463.18,9142129.440000001,11215105.86,233432.90000000002,363626.06,852517.23,7789111.74,492199.12,0.0,0.0,0.0,129279.83,44501.26,0.0,108731.33,3263172.34,1083577.28,41469.17,0.0
경기도,동두천시,  비율(%)  ,1.0,0.008088297358258667,0.004569986974992113,0.005260624912184525,0.010379629564154128,0.0,0.001998979898308612,0.0,0.0,0.0024356457294530693,0.08335702463847085,0.0,0.00045904679322572296,0.0010882337269149328,0.0027414111848942857,0.0005771178359975284,0.0006904560162923202,0.0006300754791513799,0.04691723332953285,0.003276070350852915,0.00037737869595203715,0.0009773852045084526,0.0004180180527373486,0.4633870733194121,0.09530913561517733,0.11692046720236657,0.002433600187916846,0.0037908985749115147,0.00888771930233634,0.08120356553925907,0.005131306987680426,0.0,0.0,0.0,0.0013477766783596393,0.00046393749423725793,0.0,0.0011335530900761998,0.03401944121770775,0.011296581896683906,0.00043232714799308755,0.0
경기도,안산시 상록구,  면적(㎡)  ,58394290.11,762249.02,1470975.17,345937.73,1791328.34,0.0,347445.6,0.0,0.0,155670.37,12470014.43,3425.33,17448.289999999997,415778.95999999996,238764.0,1432943.51,847695.84,323987.85000000003,3934015.13,1113423.07,175670.03,60452.57,73283.94000000002,12572828.170000002,4813392.850000001,1857846.3499999996,107652.69,571594.33,761372.8499999999,8505741.669999998,557313.23,0.0,0.0,0.0,34479.5,29322.829999999998,0.0,311234.56,1906421.7799999998,200387.21,184192.90999999997,0.0
경기도,안산시 상록구,  비율(%)  ,1.0,0.013053485513123228,0.02519039391058709,0.005924170485647505,0.030676429778075782,0.0,0.005949992702120375,0.0,0.0,0.002665849173039977,0.2135485234345629,5.8658646137277275e-05,0.0002988013034687442,0.007120198896446521,0.004088824430440533,0.024539103177737047,0.014516759059886789,0.005548279624423711,0.06736985966589054,0.019067327779866732,0.003008342590843768,0.0010352479649315494,0.0012549846887761065,0.21530920482663612,0.08242916971732668,0.031815548172608815,0.001843548227013458,0.009788531188978607,0.013038481135154944,0.14566050300427222,0.009543967893952706,0.0,0.0,0.0,0.0005904601277804625,0.000502152349908925,0.0,0.00532988001761325,0.03264740056619895,0.003431623359450409,0.0031542965870982823,0.0
경기도,안산시 단원구,  면적(㎡)  ,114473092.66,871379.96,1209636.35,7265003.34,2592264.4600000004,0.0,627863.5499999999,0.0,25360.97,126809.75,21910728.88,2157.46,172416.7,312341.12999999995,897377.3300000001,0.0,10855761.209999999,0.0,8358412.34,416874.7899999999,2314845.1799999997,19784.38,91234.37000000001,10448495.010000002,10684296.930000002,2418786.69,184875.90000000002,499559.73,584739.13,15701920.9,5747050.749999999,120514.71,284886.16,701740.0700000001,48141.07,109134.79000000001,0.36,299021.41000000003,6189361.590000002,755044.25,1197858.46,427412.6
경기도,안산시 단원구,  비율(%)  ,1.0,0.007612094159001295,0.010566992835537149,0.06346472495137356,0.022645185866510688,0.0,0.0054848133776278455,0.0,0.00022154525059723325,0.001107769057805064,0.19140505747562633,1.8846874403995857e-05,0.0015061766568332357,0.0027285113273535274,0.007839198794648868,0.0,0.09483242705989454,0.0,0.0730163931608415,0.003641683650831138,0.020221740552388075,0.00017282995977720448,0.0007969940173712086,0.09127468095086234,0.09333457043686026,0.02112974004453703,0.0016150162077747435,0.004363992606400156,0.0051080923596320705,0.1371669143825506,0.050204380928795984,0.0010527776196100895,0.002488673568435414,0.006130174818323984,0.0004205448536538211,0.0009533663104931092,3.1448438374006972e-09,0.002612154551359354,0.05406826570487802,0.006595822934937032,0.010464104988914693,0.0037337385587150255
경기도,고양시 덕양구,  면적(㎡)  ,165265518.26,1079663.89,1931129.7800000003,331950.61999999994,3446021.31,0.0,717809.3800000001,0.0,1386.24,792387.76,22873542.950000003,3357.2599999999998,173759.87000000002,390162.59,454919.98000000004,1172247.3199999998,1481990.3,3008219.99,11801650.580000006,6315257.43,462487.17000000004,193776.24000000002,381135.37,48393979.65,8908191.0,10011342.530000001,348211.56999999995,1454034.09,2498729.0900000003,17867174.7,2259488.83,0.0,0.0,0.0,211342.41000000003,2099057.1,0.0,315635.36,6750992.819999998,7022593.98,111889.1,0.0
경기도,고양시 덕양구,  비율(%)  ,1.0,0.006532904754526257,0.011685013306659027,0.0020085897136616643,0.0208514234928222,0.0,0.0043433705201028315,0.0,8.387956632424263e-06,0.004794634527169757,0.13840481178907965,2.0314340434392803e-05,0.0010513982095565542,0.0023608227179379676,0.0027526612011363927,0.007093114960349986,0.008967329153734868,0.01820234506067618,0.07141024155706421,0.038212795364031556,0.002798449276469174,0.001172514642135731,0.002306200192349792,0.2928256308969748,0.053902296702845194,0.060577322089958884,0.0021069825918083197,0.008798169789492785,0.015119482371809314,0.10811193337917531,0.01367187090077262,0.0,0.0,0.0,0.001278805235509023,0.012701119520272275,0.0,0.0019098682128200165,0.0408493731243995,0.042492796161821694,0.0006770262858098032,0.0
경기도,고양시 일산동구,  면적(㎡)  ,59984413.18000001,794612.83,1009153.42,1074588.45,3407209.0300000003,0.0,295962.89,0.0,0.0,116954.43,15956073.64,1599.6000000000001,66952.06,255279.63999999996,266796.00000000006,1261035.0999999999,527573.96,2512679.53,2234970.9299999997,2262117.71,91062.1,201325.47999999998,48642.37999999999,5465551.970000001,2719452.2399999998,2147827.56,107567.69,122397.54000000001,758403.36,8493639.41,1195326.67,0.0,0.0,0.0,54658.46,0.0,0.0,234899.54000000004,4687479.8100000005,1283168.28,329451.47000000003,0.0
경기도,고양시 일산동구,  비율(%)  ,1.0,0.013246988473748037,0.01682359410555127,0.017914461324734423,0.056801573098259985,0.0,0.004933996588611788,0.0,0.0,0.001949747005927115,0.26600366318695723,2.666692754332618e-05,0.0011161576224658833,0.0042557662310367525,0.00444775543939063,0.021022712954045435,0.00879518414920334,0.04188887407233613,0.03725919470602045,0.03771175860655473,0.0015180960381614922,0.003356296566507479,0.0008109169936202414,0.09111620303092878,0.04533598139635913,0.03580642780575085,0.0017932606871924055,0.0020404890789330883,0.012643340491207251,0.141597441063772,0.01992728788415564,0.0,0.0,0.0,0.0009112110480431309,0.0,0.0,0.003916009635621812,0.07814496402480268,0.02139169514169447,0.005492284620862903,0.0
경기도,고양시 일산서구,  면적(㎡)  ,41321765.81000001,493674.26999999996,895565.0,351257.72000000003,2681960.04,0.0,458401.42,0.0,0.0,95771.12000000001,10116408.86,469.91,45036.6,241452.50000000003,152333.07,5378604.63,1354157.1600000001,2223218.83,954526.14,1935193.8,42433.41,42955.090000000004,256543.28999999998,701760.46,197556.68000000002,267961.5,102596.82,3092.55,93610.47,4778677.13,1666905.74,0.0,0.0,0.0,2480.0899999999997,0.0,0.0,212831.77999999997,1746392.8699999996,3823273.48,4663.38,0.0
경기도,고양시 일산서구,  비율(%)  ,1.0,0.011947075840610109,0.021672960543793366,0.008500549604174816,0.06490429407910145,0.0,0.011093461545369518,0.0,0.0,0.0023176918537402644,0.24482034254092291,1.1371972876490196e-05,0.00108990018013947,0.0058432280244318045,0.0036865092043848447,0.13016395898304906,0.03277103805840479,0.05380260950663375,0.023099839062758577,0.04683231130291331,0.001026902146319482,0.0010395269698180401,0.0062084299877116,0.016982828449944205,0.004780935086568605,0.006484754335816704,0.0024828759853038813,7.484070294139251e-05,0.002265403430008936,0.11564552086115215,0.04033965411024625,0.0,0.0,0.0,6.001897429561951e-05,0.0,0.0,0.005150597411025788,0.04226326817759968,0.0925244457746468,0.00011285529329609255,0.0
경기도,과천시,  면적(㎡)  ,35848341.49,224898.09000000003,279728.27999999997,2544.29,517478.66,0.0,467323.29,0.0,0.0,1039.18,4789332.159999999,5946.9,24205.96,105071.87,59790.119999999995,0.0,17350.49,0.0,1193984.82,682454.5,118239.92,57285.53,22705.12,14274873.52,2932958.21,2587118.6599999997,36002.979999999996,0.0,103753.67,3529232.99,128838.27,0.0,0.0,0.0,59844.1,1900561.6400000001,0.0,91399.70000000001,1274371.5899999999,120810.72,239196.25999999998,0.0
경기도,과천시,  비율(%)  ,1.0,0.006273598182017319,0.007803102413483507,7.097371577733204e-05,0.014435218994562193,0.0,0.01303612023809696,0.0,0.0,2.898823088621498e-05,0.13359982528999276,0.00016589051969555983,0.000675232353685102,0.0029310106306957074,0.0016678629335384629,0.0,0.0004839970073605768,0.0,0.03330655674358228,0.01903726843793799,0.0032983372475678787,0.0015979966609049392,0.0006333659816963543,0.39820178358828723,0.08181572948969361,0.07216843380946045,0.0010043136865911391,0.0,0.002894239055074344,0.09844898936215751,0.0035939813292600944,0.0,0.0,0.0,0.0016693687214705227,0.05301672437287419,0.0,0.002549621438567701,0.03554896926976355,0.003370050467570459,0.0066724498277479435,0.0
경기도,구리시,  면적(㎡)  ,33193859.970000006,392776.91000000003,573368.5499999999,52465.479999999996,1349992.7299999997,0.0,222806.52,0.0,0.0,50975.95,7352047.489999999,2082.2,63874.57,134838.33000000002,210196.99,0.0,0.0,0.0,1886988.24,569119.79,822636.9400000001,15833.57,37445.93,6778281.809999999,1819941.1,874213.66,42565.03999999999,2777.76,637367.3500000001,3928058.0100000007,175062.12999999998,0.0,0.0,0.0,11770.509999999998,177825.78,0.0,175271.92,1642976.0199999998,3116349.86,73948.83,0.0
경기도,구리시,  비율(%)  ,1.0,0.011832818188513915,0.017273331589583128,0.0015805778552846015,0.04066995315459239,0.0,0.006712281132756732,0.0,0.0,0.0015357041948743265,0.2214881757242045,6.272846851441361e-05,0.001924288710554562,0.004062146738037227,0.0063324057578712485,0.0,0.0,0.0,0.056847508596632776,0.017145333218684417,0.024782804432611456,0.0004770029762826645,0.001128098089039447,0.2042028801750108,0.05482764287265263,0.026336607456622946,0.0012823166705670714,8.368294625905176e-05,0.01920136285975903,0.11833688560324429,0.005273931087201605,0.0,0.0,0.0,0.0003545990135114737,0.005357188954846337,0.0,0.00528025123195698,0.0494963834120193,0.09388332248242594,0.0022277864058845094,0.0
경기도,남양주시,  면적(㎡)  ,459691257.4399999,2323513.87,2779472.22,2682270.3599999994,8979464.68,10.01,1132235.09,0.0,47.38,699185.6499999999,44319371.85999999,6420.369999999999,598599.8399999999,639805.31,985164.6399999999,142414.64,1567396.8900000001,530152.95,25041305.309999995,3249508.4300000006,2908814.69,409002.75999999995,334608.38,191865893.18,56562007.66999999,27004690.729999997,781675.73,1386859.83,6407065.9799999995,40096191.83,3833111.2800000003,0.0,0.0,0.0,664697.3800000001,515130.69000000006,219882.82999999996,466942.39999999997,17409580.48,12618301.139999999,530460.96,0.0
경기도,남양주시,  비율(%)  ,1.0,0.0050545095918063465,0.0060463891253419895,0.005834938812927275,0.019533686000482667,2.1775484823760287e-08,0.002463033768154232,0.0,1.0306917791705919e-07,0.0015209896613952018,0.09641116976383801,1.3966700249543038e-05,0.0013021779951473858,0.0013918152665400845,0.0021431006660564697,0.0003098049782219066,0.003409673046054353,0.001153280471228446,0.05447418219231296,0.007068893256957655,0.006327757256466132,0.0008897336057198871,0.0007278980719873142,0.41737990460922103,0.1230434704914583,0.05874527803810739,0.0017004363632084657,0.003016937580504273,0.013937759042189891,0.08722417749098363,0.008338447203339098,0.0,0.0,0.0,0.0014459648062520706,0.0011206014507840326,0.0004783271955714747,0.001015773940536484,0.03787233321980753,0.027449512984586123,0.0011539505078998313,0.0
경기도,오산시,  면적(㎡)  ,42662649.22,400744.27999999997,969184.2999999998,745905.49,1981682.7400000002,0.0,395636.27,0.0,0.0,284293.62,12069477.16,4303.01,9219.65,243340.56999999998,174049.41999999998,530625.23,1736262.6300000001,210821.96,2462652.71,134737.03,203215.36000000002,26582.329999999998,33831.63,3150876.1,3990114.0399999996,646423.45,69210.81999999999,0.0,457613.89,6917396.71,391149.77,0.0,0.0,0.0,34493.51,4219.67,3467.82,179014.25999999998,3555014.1999999997,389909.48,257180.10999999996,0.0
경기도,오산시,  비율(%)  ,1.0,0.009393328528040246,0.0227173960764174,0.0174838061779418,0.046450062905868464,0.0,0.009273598269995105,0.0,0.0,0.006663759171025057,0.2829050089637167,0.00010086129386411321,0.00021610589516972336,0.005703831675927039,0.004079667418271968,0.012437699948348402,0.04069748742152774,0.0049416049836203775,0.05772385810596879,0.0031581965129543824,0.004763308507919238,0.0006230820280972697,0.0007930034964668797,0.07385561275746767,0.0935271042223383,0.015151976302891206,0.001622281345987168,0.0,0.010726335526896284,0.16214175248069604,0.00916843602428307,0.0,0.0,0.0,0.0008085177697738857,9.890782867796789e-05,8.128468492702761e-05,0.0041960418134577345,0.08332849143211271,0.00913936399001712,0.006028226439333154,0.0
경기도,시흥시,  면적(㎡)  ,141636323.07999998,491662.62999999983,1956178.3399999999,6848206.94,4417736.77,0.0,684226.8099999999,0.0,28140.25,330636.12,32957676.429999996,16675.79,141147.94,496280.76,823271.27,0.0,8513283.239999998,0.0,13087213.579999998,1599648.99,797458.0499999999,83677.14,120936.46,21462760.510000005,5807126.64,2450231.38,285690.25,370967.17000000004,1489901.8299999998,22977753.779999997,2682783.26,6881.67,670154.68,28637.88,32191.489999999998,24097.91,7628.22,353601.79,7352270.619999998,655230.38,1324230.2800000003,260125.83
경기도,시흥시,  비율(%)  ,1.0,0.0034713032597033433,0.013811275931634415,0.048350640507180846,0.031190704996660663,0.0,0.004830871030261992,0.0,0.00019867961401473006,0.0023344020291549638,0.23269226221994352,0.00011773667684511316,0.0009965518514645135,0.003503908808192425,0.0058125716066138935,0.0,0.06010663828932829,0.0,0.09240012233731873,0.011294059004175613,0.005630321605776043,0.0005907887057526685,0.0008538520159951615,0.15153429602854956,0.04100026401221937,0.01729945628859656,0.0020170690949004267,0.002619152784631862,0.010519207203356045,0.16223065722358204,0.018941350648341047,4.8586900947104144e-05,0.004731517067281384,0.0002021930489103742,0.00022728272875184274,0.00017013933626608519,5.385779462582757e-05,0.0024965473708342192,0.0519094993439447,0.0046261464979566605,0.009349510430682668,0.001836575705605362
경기도,군포시,  면적(㎡)  ,36403770.989999995,261475.44000000003,791603.21,620167.22,1397332.82,0.0,275556.23,0.0,0.0,322481.22,7929353.450000001,922.22,13947.13,231466.62,270898.78,0.0,337540.29,0.0,1873067.4499999997,216652.67,144379.50999999998,9129.08,11535.269999999999,10905233.320000002,2522374.0799999996,1068716.92,52351.08,325289.25,408392.2,4520632.949999999,128399.73000000001,0.0,0.0,0.0,5583.46,10461.53,0.0,192985.47999999998,1013620.24,76085.37000000001,466136.77,0.0
경기도,군포시,  비율(%)  ,1.0,0.0071826470964182956,0.02174508817280086,0.017035796103935442,0.03838428772623152,0.0,0.007569441915116278,0.0,0.0,0.008858456451903968,0.2178168149716734,2.5333089812407924e-05,0.0003831232210484797,0.006358314364288886,0.007441503246309705,0.0,0.00927212431076773,0.0,0.05145256656280267,0.005951379873791477,0.003966059176662236,0.0002507729213687156,0.00031687019466111635,0.29956328763291135,0.06928881298294312,0.029357313567695314,0.0014380675016986753,0.008935592142071106,0.011218403722850144,0.12418034799861266,0.0035270997072053612,0.0,0.0,0.0,0.0001533758687124408,0.00028737489868491237,0.0,0.005301249698912031,0.027843825308054994,0.0020900408922169197,0.012804628677837973,0.0
경기도,의왕시,  면적(㎡)  ,53903562.41999999,241926.03999999998,573932.92,144738.1,1122873.81,0.0,212342.81,0.0,0.0,571865.26,8130412.46,6506.53,48082.2,199649.75,168926.03999999998,6.36,184843.86000000002,576.58,3194873.1599999997,484182.69000000006,112057.09000000001,12903.349999999999,63215.979999999996,21709992.97,3440181.55,2972961.2800000003,96749.98999999999,0.0,825702.28,5625158.4399999995,260918.78000000003,0.0,0.0,0.0,40041.68,12767.89,0.0,99065.62,2235839.59,128551.54999999999,981715.81,0.0
경기도,의왕시,  비율(%)  ,1.0,0.004488127113287739,0.01064740240223997,0.0026851305090421526,0.020831161422150777,0.0,0.003939309397503084,0.0,0.0,0.010609043898512712,0.1508325627284209,0.00012070686440541941,0.0008920041244279604,0.0037038321965511393,0.0031338566954773827,1.1798849119553241e-07,0.0034291585138613565,1.069651010275473e-05,0.05927016724992182,0.008982387587436195,0.0020788438642864756,0.00023937842733771586,0.0011727607074916591,0.4027561815087917,0.0638210425350956,0.05515333581917276,0.0017948719093212025,0.0,0.015318139338665257,0.10435596809298973,0.004840473769933814,0.0,0.0,0.0,0.0007428392151154601,0.00023686542088844752,0.0,0.0018378306655896161,0.041478512543921035,0.0023848433058721763,0.018212447673694964,0.0
경기도,하남시,  면적(㎡)  ,92835038.82000001,548738.6699999999,779809.8900000001,386276.05,3441166.66,0.0,388069.25000000006,0.0,134.13,0.0,13543214.62,4310.4400000000005,219331.83,228867.75,642348.45,0.0,155522.66999999998,0.0,4621308.6899999995,1248251.1500000001,149614.65,73239.83,175004.96,32472295.9,3829580.9699999997,6842781.569999999,113950.90000000001,715363.7,870709.9700000001,10233841.879999999,678009.48,0.0,0.0,0.0,217116.47,2485.38,0.0,194602.23,2935961.64,6695664.340000002,427464.69999999995,0.0
경기도,하남시,  비율(%)  ,1.0,0.005910900420518614,0.008399952215369797,0.004160886394941456,0.03706754156339782,0.0,0.004180202377600514,0.0,1.444820853256363e-06,0.0,0.1458847305084802,4.6431175715428004e-05,0.0023625974932295502,0.002465316467888347,0.006919245773629332,0.0,0.001675258307389158,0.0,0.049779789492632856,0.013445905402380054,0.001611618327537852,0.0007889244290833593,0.0018851175399336143,0.3497849121705144,0.04125146085655506,0.07370903978688075,0.0012274557262903938,0.007705751073008491,0.009379109235772926,0.11023684602365094,0.007303379075594594,0.0,0.0,0.0,0.002338734089625062,2.677200367006859e-05,0.0,0.002096215313458518,0.03162557669300493,0.07212432315542389,0.004604562085968651,0.0
경기도,용인시 처인구,  면적(㎡)  ,467871830.03000003,3165681.6700000004,1362139.33,3173435.92,6523369.58,0.0,1098479.9100000001,0.0,0.0,144735.68,41870530.919999994,4918.56,58179.54000000001,537012.22,883656.6800000002,20947738.959999997,12551165.15,5014352.25,25761293.309999995,5406661.53,1748529.6199999996,1080980.91,663969.4500000001,126149186.68,69690959.42999999,30703433.520000003,841931.5300000003,8394870.170000002,7227540.610000001,53507809.92999999,4475387.040000001,0.0,0.0,0.0,507781.98000000004,97248.83,530389.55,268864.4,25158335.380000006,2955737.4999999995,5365522.290000001,0.0
경기도,용인시 처인구,  비율(%)  ,1.0,0.00676613009549435,0.002911351448349988,0.006782703544679146,0.01394264232488996,0.0,0.0023478222869916434,0.0,0.0,0.00030934899412670243,0.08949145520754102,1.0512622654979296e-05,0.00012434931164004794,0.0011477763471367077,0.0018886725450928301,0.04477238768287636,0.02682607574214335,0.010717363021574689,0.05506057782608578,0.011555860351013917,0.003737197898595185,0.0023104210183602786,0.0014191267936721607,0.2696233852589742,0.1489530998810751,0.06562359934777713,0.001799491817975054,0.017942670687101894,0.015447693462409502,0.11436424784661445,0.009565412475705234,0.0,0.0,0.0,0.0010853014595203156,0.00020785356962774268,0.0011336214663019814,0.0005746539602154726,0.05377185324106144,0.0063174085514198985,0.011467931911301354,0.0
경기도,용인시 기흥구,  면적(㎡)  ,81760991.25999999,742735.1099999999,1750406.8499999999,538798.13,2698706.0900000003,0.0,730314.5,0.0,0.0,168627.50999999998,19252355.71,3945.91,18045.21,612016.06,389134.61,62423.24,183989.93,214494.58,2330967.59,120236.16,73740.24,3858.8800000000006,62689.75,15929957.19,8795532.0,3702230.05,154966.04,2941833.9999999995,503205.39,13130759.69,255612.35999999993,0.0,0.0,0.0,54750.31,3381.49,0.0,324079.9,3723014.74,393036.51000000007,1891145.5300000003,0.0
경기도,용인시 기흥구,  비율(%)  ,1.0,0.009084223399861945,0.02140882617767812,0.006589916801358508,0.03300725747585562,0.0,0.008932309757321797,0.0,0.0,0.002062444539887786,0.23547116312200156,4.826152348681787e-05,0.00022070683980110052,0.007485428571356097,0.004759416489491324,0.0007634843834206225,0.002250338788272661,0.0026234341914704424,0.028509531918314467,0.001470580996476045,0.0009019000242488011,4.7197079444997925e-05,0.0007667440063274987,0.19483566606161523,0.10757614192849257,0.045281129704346494,0.0018953542222501674,0.035980899383239694,0.00615459013210599,0.16059932111444414,0.0031263363623754573,0.0,0.0,0.0,0.0006696385300160316,4.135823144862395e-05,0.0,0.00396374719784678,0.045535342497998975,0.004807139736725351,0.023130168811018405,0.0
경기도,용인시 수지구,  면적(㎡)  ,42139336.64,405058.46,1275586.25,36802.85,1082830.96,0.0,341312.79000000004,0.0,0.0,17878.49,8696077.969999999,2543.5099999999998,1855.1299999999999,285400.82,203918.64,0.0,68140.70000000001,0.0,937492.5899999997,18712.479999999996,31825.07,8682.0,11347.03,14165715.770000001,3784992.400000001,2016164.3700000003,65696.73,0.0,220730.38,6274725.590000001,118631.15,0.0,0.0,0.0,27215.48,3516.4,0.0,181846.8,1531380.4800000002,192102.08000000002,131153.27,0.0
경기도,용인시 수지구,  비율(%)  ,1.0,0.009612359669077126,0.030270677037406726,0.0008733609243640907,0.025696440578804516,0.0,0.008099624180510119,0.0,0.0,0.00042427079839290043,0.20636485202155283,6.0359516850714235e-05,4.4023711522764015e-05,0.006772788628311924,0.0048391516397634496,0.0,0.0016170330487670441,0.0,0.022247445374118727,0.00044406204492164486,0.000755234242814127,0.00020603077058784948,0.00026927405376450653,0.3361637106682276,0.08982088238207256,0.0478451853009521,0.0015590356953469116,0.0,0.005238107611558263,0.1489042327269061,0.002815211616012757,0.0,0.0,0.0,0.0006458450030313529,8.344697093931282e-05,0.0,0.004315369308101192,0.036340877719142003,0.00455873526536843,0.0031123714908104444,0.0
경기도,파주시,  면적(㎡)  ,688749662.0300001,7586670.44,2466701.76,7442917.219999999,9835456.63,1797.47,952748.4500000001,0.0,1290.84,651266.92,52384122.28,30814.980000000003,116006.20000000001,480173.70999999996,1674694.7300000002,44920261.17,47168110.940000005,4586312.829999999,44295942.510000005,5139113.37,471179.4900000001,1536168.9800000002,582909.94,189312839.06,56416474.06,44712230.519999996,9656981.330000004,2434036.6100000003,10459372.080000002,59908337.60000002,16426479.569999998,0.0,0.0,0.0,6097150.9799999995,71011.74,906683.15,591496.5499999999,27540343.09,29408858.56,2482706.2699999996,0.0
경기도,파주시,  비율(%)  ,1.0,0.011015134900595486,0.003581419920744087,0.010806418689285405,0.014280161823980096,2.6097580864173363e-06,0.0013833015136325408,0.0,1.874178778099748e-06,0.0009455785692590766,0.0760568391795716,4.47404647853864e-05,0.00016843013709522096,0.0006971672531711309,0.0024314998936827864,0.06522001192364055,0.06848367925289157,0.006658896668613148,0.06431355970388933,0.007461511276612654,0.0006841084881424984,0.0022303734792004717,0.0008463306367105121,0.2748645110068367,0.08191143628836024,0.06491797090428547,0.014021032404629145,0.003533993182408241,0.015186028620576542,0.08698129509556198,0.02384970980832874,0.0,0.0,0.0,0.008852492155174987,0.00010310239541998777,0.0013164190125736967,0.000858797590196474,0.039985998699191255,0.04269890815382938,0.0036046569702590423,0.0
경기도,이천시,  면적(㎡)  ,461892468.5,3925080.2800000003,929470.3499999999,3447590.5000000005,6511269.830000001,0.0,921195.78,0.0,0.0,345744.77999999997,45940898.64000001,5419.38,96139.22,374824.81,1396447.22,57080784.730000004,19113753.429999996,17403813.22,46446082.62,11906518.88,9601773.850000001,2794343.38,736927.1799999999,73661880.96,34893890.01,22095037.480000004,1059933.89,4318400.369999999,5175870.44,59397826.24000001,8554858.09,0.0,0.0,0.0,1053527.89,66548.23000000001,22275.18,337758.17999999993,17605747.52,3009144.2600000002,1661691.6800000002,0.0
경기도,이천시,  비율(%)  ,1.0,0.00849782264851976,0.0020123089536802003,0.007464054374378699,0.014096938733695765,0.0,0.001994394459367549,0.0,0.0,0.0007485395488755408,0.09946232461679554,1.1732990619222449e-05,0.00020814199528347582,0.0008114979904678831,0.0030233167138121455,0.12358024566923634,0.04138139227961886,0.03767936133818991,0.1005560510021609,0.025777685699588326,0.020787898709805443,0.006049770391525663,0.0015954518210551855,0.1594784197266035,0.07554548382942511,0.047835890357237995,0.0022947633102616827,0.009349363032534485,0.011205790942659635,0.12859665461291236,0.018521319730070464,0.0,0.0,0.0,0.002280894281349383,0.0001440773221873827,4.822590000728709e-05,0.0007312485113621201,0.03811655032430995,0.006514815601501847,0.0035975725809003966,0.0
경기도,안성시,  면적(㎡)  ,553345502.97,3889177.88,712428.04,4864215.380000001,6339094.289999999,0.0,662716.0299999999,0.0,7670.849999999999,1106.03,46472047.36000001,3930.9599999999996,80625.81999999999,488027.69999999995,1435026.09,50662331.18000001,20584884.54,12815135.84,37638701.339999996,6573134.820000001,11743925.35,4345808.17,480166.44999999995,114584074.27,69211950.88000001,27437975.169999998,1199668.98,4320437.8,8157656.0,72933764.3,6735410.4399999995,0.0,0.0,1392.85,956179.96,42054.18,413287.34,252167.55,26545362.159999996,3330162.95,7423804.02,0.0
경기도,안성시,  비율(%)  ,1.0,0.007028480143283742,0.0012874922379890105,0.008790557353212497,0.011455942545797968,0.0,0.0011976532319192435,0.0,1.3862677041428635e-05,1.9988054372242075e-06,0.08398378067693363,7.103988338029593e-06,0.00014570610869204295,0.000881958373892231,0.002593363607904483,0.09155641621387985,0.037200780397624415,0.023159374696670808,0.0680202534184878,0.011878898056855389,0.021223494700808483,0.007853697457871291,0.0008677516080329155,0.20707509802643548,0.125079088035441,0.04958561156227118,0.0021680287877301873,0.007807848399979199,0.014742427572312398,0.13180510893924108,0.012172160799805333,0.0,0.0,2.517143434841494e-06,0.0017279980678759394,7.599985863132603e-05,0.0007468884047701507,0.00045571446527807314,0.04797249099797811,0.006018234416157435,0.013416218221985778,0.0
경기도,김포시,  면적(㎡)  ,280673497.12,3155384.17,1814229.29,10352452.290000001,7097002.619999999,2343.48,672099.64,0.0,29570.71,23830.81,43352239.82,6579.84,86681.15000000001,441765.86,623145.0099999999,35456944.71,12889282.64,5061765.02,16700587.969999999,2504299.1300000004,1034704.8799999998,652517.0499999999,309900.91,28308771.409999996,12660774.51,12137307.19,808442.9800000001,338860.24,3011279.2300000004,23931574.699999996,4607732.14,1557071.21,0.0,427154.43,1553453.39,86735.04999999999,68269.23,290689.74,13651143.249999998,21094103.47,1662940.1,12209867.850000001
경기도,김포시,  비율(%)  ,1.0,0.011242187817437346,0.0064638425380944995,0.03688432429932592,0.02528561724859161,8.349488013818639e-06,0.0023945960231245077,0.0,0.0001053562602220232,8.490580779634959e-05,0.15445790309679666,2.3443039929013443e-05,0.0003088326859836719,0.0015739493202349848,0.0022201775956551344,0.12632808253655894,0.04592269228216185,0.018034353339160758,0.05950183448514121,0.00892246384392077,0.0036865072428182233,0.0023248260227470667,0.0011041331411048903,0.10086015138756324,0.04510855011218595,0.043243510037610636,0.0028803680728514097,0.0012073111407990282,0.010728762283930745,0.08526481818042199,0.01641669836047967,0.005547624645636866,0.0,0.001521890860316509,0.005534734864317566,0.00030902472406547536,0.0002432336173543737,0.00103568645769115,0.048637093954629944,0.07515530923456361,0.005924820537255862,0.04350203341350665
경기도,화성시,  면적(㎡)  ,794053974.59,4895140.81,3733484.55,22505723.749999996,12998293.3,0.0,1902546.07,0.0,106953.08,934861.8300000001,116584709.24000002,22383.83,224163.33999999997,1141470.8199999998,3201653.1999999997,75765155.07,56004966.48,11677943.540000003,62990072.160000004,5101348.789999999,8871722.000000002,3084149.110000001,762982.3900000001,81182134.90999997,51120785.09,19953817.55,2268396.5999999996,3819353.7699999996,9545051.830000002,111613227.83,50174008.96,1294374.57,618498.8899999999,363381.68,535540.7300000001,195365.00000000003,1039884.89,647781.6,48272450.67999999,9541653.550000003,8821237.11,537305.99
경기도,화성시,  비율(%)  ,1.0,0.006164745680578634,0.004701801980057764,0.02834281354944486,0.016369533704193733,0.0,0.0023959908657120647,0.0,0.00013469245595707006,0.0011773278138714745,0.1468221468196757,2.8189305407806335e-05,0.00028230239652883034,0.0014375229600599685,0.004032034726169759,0.09541562348972611,0.0705304277444332,0.014706737720228357,0.07932719207472534,0.006424435810719312,0.011172693902301549,0.003884054747780166,0.0009608696819305724,0.10223755249372986,0.06437948392160066,0.025129044357851,0.002856728475128228,0.004809942261131651,0.01202065871520695,0.14056126082314507,0.06318715171208196,0.0016300838625841957,0.0007789129074246548,0.0004576284379001158,0.0006744386995563116,0.0002460349123003563,0.0013095896793878926,0.0008157903879701301,0.060792404829816356,0.012016379056507737,0.011109115239369888,0.0006766617978046533
경기도,광주시,  면적(㎡)  ,429995893.7600001,2405283.9800000004,2672531.73,4685785.780000001,6474545.38,5606.06,673015.0,0.0,0.0,89668.82999999999,38799955.39,4402.56,127012.43,323029.86000000004,617683.0499999999,1248279.56,3703771.409999999,2017730.75,17964846.2,3468695.7299999995,819184.4499999998,287774.7899999999,479104.81,187237785.83999997,47464030.25,25386692.059999995,529826.09,3022873.23,6616190.54,39778286.78000001,4089889.0999999996,0.0,0.0,0.0,1111391.92,37986.55,615431.55,191322.72999999998,13699907.8,12626229.68,720141.8899999999,0.0
경기도,광주시,  비율(%)  ,1.0,0.005593737091225566,0.006215249421641359,0.010897280294995903,0.01505722606647433,1.3037473337196547e-05,0.0015651661091806604,0.0,0.0,0.00020853415416577945,0.0902333160689576,1.0238609400435963e-05,0.00029538056489183896,0.0007512394064402331,0.001436485926874354,0.0029030034428578068,0.008613504137477274,0.004692441903006138,0.04177911105827206,0.008066811288984153,0.0019050983088159982,0.0006692500886081016,0.0011142078725696152,0.43544086945282723,0.11038251978399541,0.05903938253459099,0.0012321654641095701,0.007030004876481914,0.015386636560982582,0.09250852707491677,0.009511460828699796,0.0,0.0,0.0,0.0025846570540050723,8.83416575629022e-05,0.0014312498303611706,0.00044494083031124414,0.031860554946709634,0.029363605241884617,0.0016747645743843851,0.0
경기도,양주시,  면적(㎡)  ,310485084.08000004,1799866.48,1165880.97,4742048.1499999985,5148152.39,0.0,753278.04,0.0,0.0,266320.05,31983750.8,4988.209999999999,58777.11,270775.41000000003,757230.5599999999,5088257.939999999,5225780.600000001,3869283.9300000006,20519023.849999998,4076389.01,576989.39,1059203.12,420669.57000000007,102710463.74999999,32651422.909999993,21786384.81,793278.1699999999,1071455.0999999999,5457845.28,32034592.840000004,2132328.11,0.0,0.0,0.0,311060.29,1160686.11,809284.36,270695.68,17956877.340000004,2055591.72,1496452.03,0.0
경기도,양주시,  비율(%)  ,1.0,0.005796949909311082,0.0037550305305474752,0.015273030471177661,0.016580997458394874,0.0,0.0024261327793959637,0.0,0.0,0.0008577547317261127,0.10301219749338754,1.606586034488771e-05,0.00018930735489005134,0.0008721044065686313,0.0024388629239428805,0.01638809141211096,0.016831019807230153,0.012462060589690148,0.0660869874338731,0.013129097721646658,0.0018583481770458644,0.0034114460703918528,0.001354878516133837,0.33080643488669315,0.10516261354953521,0.07016886133050594,0.002554963863563902,0.003450906838809452,0.017578445986132216,0.10317594783956167,0.006867731235200274,0.0,0.0,0.0,0.001001852604036372,0.0037382990987771124,0.002606516066296694,0.0008718476148446866,0.05783491143611011,0.006620581230466946,0.004819722771656309,0.0
경기도,포천시,  면적(㎡)  ,825818528.44,3492075.2400000007,624902.53,7446837.88,7313194.880000001,0.0,787017.39,0.0,0.0,1055.36,45503921.3,3856.19,87916.47,318612.95,1358769.6300000001,18374157.11,11112834.719999999,12410433.609999998,43172968.18999999,11216069.409999998,2659053.0499999993,2317180.35,957865.8399999999,298448136.56,142409188.91,88620050.63,4210334.86,5312010.449999999,7765693.320000001,63612448.34,6303433.949999999,0.0,0.0,0.0,1355606.52,936257.94,2243268.6799999997,310073.14,25521244.130000003,6851043.550000001,2761015.3600000003,0.0
경기도,포천시,  비율(%)  ,1.0,0.004228623020358544,0.0007567068411270242,0.009017523370500461,0.008855692416849597,0.0,0.0009530149335432123,0.0,0.0,1.2779563108054885e-06,0.05510159887785333,4.669536789498387e-06,0.0001064597934924968,0.0003858147268769459,0.001645361036602997,0.022249630490501857,0.013456751498410347,0.015028039675307041,0.052279001624673194,0.013581760427666286,0.0032198999640066723,0.0028059195455171423,0.0011598987029383342,0.36139675519726944,0.17244610529508936,0.1073117732020452,0.0050983778094122805,0.006432418584788322,0.009403631733317569,0.07702957265946325,0.007632952922365892,0.0,0.0,0.0,0.0016415307641023604,0.0011337332691827874,0.0027164184415159735,0.00037547370193514426,0.030904179612209138,0.00829606422483867,0.0033433681431387285,0.0
경기도,여주시,  면적(㎡)  ,607398961.7399999,4027055.29,403089.59,1805660.34,3931772.0199999996,0.0,584324.99,0.0,2904.37,158469.56,40147193.00999999,3888.44,59576.840000000004,279005.77999999997,2390437.37,51915484.2,20761946.99,14317191.129999999,53085347.97,7938378.910000001,4290189.6899999995,1924652.2999999998,818450.68,128361079.98999998,85583007.32000001,34062467.160000004,2334824.52,8022851.449999999,7120076.439999999,77002468.36999999,11993561.330000002,0.0,0.0,0.0,2174929.02,86301.26,289007.96,217071.34000000003,21026067.800000004,18883454.779999997,1396773.53,0.0
경기도,여주시,  비율(%)  ,1.0,0.006630000285913891,0.0006636323329320153,0.0029727748213914827,0.006473129306538087,0.0,0.0009620118353941526,0.0,4.781651242339841e-06,0.0002608986349697346,0.06609690753338034,6.4017890133708625e-06,9.808518577202008e-05,0.000459345171089426,0.003935530879328764,0.08547180267032245,0.03418172946908535,0.023571313143153746,0.08739782468170146,0.013069464075570915,0.007063215382703331,0.003168678942891998,0.001347468026048984,0.2113291066917325,0.14090081266328247,0.056079231782718474,0.003843971865397151,0.013208536654420922,0.011722240057183012,0.12677411918751563,0.019745771865731152,0.0,0.0,0.0,0.0035807256136387486,0.00014208331827366815,0.00047581240371581554,0.00035737851671356407,0.03461656855613842,0.03108904685300261,0.0022995981520921595,0.0
경기도,연천군,  면적(㎡)  ,684610363.48,3242856.3499999996,128167.73,611200.91,1801302.07,0.0,237441.63999999998,0.0,0.0,431708.17000000004,20734728.78,1910.85,27693.67,95742.31,1445500.5099999998,22666358.42,43991481.55,2796826.1300000004,49035729.449999996,2445622.6199999996,584641.3500000001,1564369.77,184230.88,341721455.46000004,44851554.78,26460184.639999997,29493812.330000006,498120.78,5277180.87,40271451.74,10393580.39,0.0,0.0,0.0,2690561.2800000003,70705.36,875696.53,250477.84000000003,15167792.469999999,14221682.59,338593.25999999995,0.0
경기도,연천군,  비율(%)  ,1.0,0.00473679120706845,0.00018721266407435014,0.0008927719219632518,0.002631134680526382,0.0,0.0003468274111321374,0.0,0.0,0.0006305895923128424,0.030286904619149457,2.7911496844523343e-06,4.0451724772654615e-05,0.0001398493436665555,0.002111420724997874,0.0331084068093605,0.06425769152307778,0.004085281613008632,0.07162574811275481,0.003572283959548102,0.0008539767745088767,0.0022850512546260934,0.00026910325906187083,0.49914735985439546,0.06551398747750665,0.03864999136954052,0.043081165438509504,0.0007275974869383525,0.0077082982547548974,0.058823900262468753,0.015181745624135056,0.0,0.0,0.0,0.003930062154366732,0.00010327824960257932,0.0012791166723633484,0.00036586919123861235,0.022155364977093434,0.02077339658971649,0.0004945780520745674,0.0
경기도,가평군,  면적(㎡)  ,840775175.1,2483529.8000000003,248596.37,201592.41,2697199.06,0.0,910221.0499999999,0.0,663.01,242360.34,23144756.96,1234.0400000000002,37259.51,134023.25,984657.21,2762351.02,5394882.819999999,1718025.26,23102067.1,1070554.96,2670903.14,557727.3600000001,467655.71,423828601.36,185478236.97,50648306.39,2702130.43,2961589.84,2668133.1,53642599.95999999,5662768.04,0.0,0.0,0.0,1925547.3599999999,257685.31000000003,357796.72,89380.32,22790904.919999998,18332080.29,599153.71,0.0
경기도,가평군,  비율(%)  ,1.0,0.002953857194587857,0.0002956752023160442,0.0002397696982145352,0.0032079908397381037,0.0,0.0010825974374085677,0.0,7.885699050535632e-07,0.0002882582016900941,0.02752787861183843,1.467740766552992e-06,4.431566381056438e-05,0.0001594043853448213,0.0011711302131189672,0.0032854811866578383,0.006416558171283237,0.0020433824771237587,0.027477104205951716,0.0012732951586881362,0.0031767150352439086,0.0006633489861706077,0.0005562196932662504,0.5040926681851551,0.22060384566889668,0.06024001170583563,0.0032138561056808254,0.0035224515752950896,0.0031734204089489894,0.06380136039770662,0.006735175118992401,0.0,0.0,0.0,0.002290204821724166,0.00030648539304142927,0.00042555576163085977,0.00010630703979737426,0.027107014568180245,0.021803783975686032,0.0007126206003034496,0.0
경기도,양평군,  면적(㎡)  ,876846042.8899997,6022978.659999999,336747.32999999996,112537.49,3132108.21,0.0,704156.1100000001,0.0,0.0,922844.34,33693514.699999996,2273.02,42911.38,194429.79000000004,1053422.8900000001,20817165.500000004,11389506.75,10734569.719999999,38233141.72,6674562.790000001,1889958.5600000003,1266077.21,673224.7,337946261.93999994,198413474.06,58554748.06,1720268.97,796578.21,6015659.180000001,82729615.27,8239596.54,0.0,0.0,0.0,1946327.53,118923.31,70148.84,174268.73,23419185.639999997,17884396.52,920459.22,0.0
경기도,양평군,  비율(%)  ,1.0,0.0068689124035376204,0.00038404384980755954,0.00012834349987950828,0.003572016131448657,0.0,0.0008030555828012517,0.0,0.0,0.0010524588067460444,0.03842580459044946,2.59226807081018e-06,4.8938328852540906e-05,0.000221737660307137,0.0012013772526451966,0.023740958482732773,0.012989175057985422,0.012242251427194557,0.04360302704222427,0.0076120122159658585,0.00215540524511108,0.0014438990975281498,0.0007677798234466753,0.385411173010671,0.22628085702029102,0.06677882455511713,0.0019618825721447746,0.0009084584648116279,0.006860564894805216,0.09434907751574174,0.009396856616747778,0.0,0.0,0.0,0.0022196912967584284,0.00013562621507424527,8.000131901011517e-05,0.00019874495803804638,0.026708435112294773,0.020396278987648456,0.0010497386941112894,0.0
충청북도,청주시 상당구,  면적(㎡)  ,403378214.36,2208689.0100000002,705034.7999999999,244667.27000000002,2261256.05,0.0,345550.89999999997,0.0,0.0,0.0,18980660.779999997,3164.6000000000004,29749.71,281822.69999999995,1315229.8900000001,15561657.010000002,6332116.94,5439178.359999999,22619873.98,2106624.5500000003,3078325.33,649892.6499999999,453896.57,111885855.21000001,69688421.38,23742494.19,571561.98,451136.69,6202429.669999999,68526930.21000001,4745576.5,0.0,0.0,0.0,669359.84,169950.00000000003,99958.25,233232.62,18110961.770000003,1424152.21,14238802.74,0.0
충청북도,청주시 상당구,  비율(%)  ,1.0,0.0054754791691076,0.0017478256755105337,0.0006065455725916909,0.005605796172179773,0.0,0.0008566424454732914,0.0,0.0,0.0,0.04705425356229195,7.845242720955953e-06,7.375140486255783e-05,0.0006986562237803048,0.0032605377364931425,0.0385783278719951,0.015697716719894103,0.013484065738725631,0.05607609229935409,0.005222454944281935,0.00763136238005335,0.0016111248125561758,0.0011252381855082394,0.277372082147565,0.17276198589596037,0.05885913850769023,0.0014169381480029614,0.0011183962691583968,0.01537621380926775,0.1698825761295137,0.011764583041573856,0.0,0.0,0.0,0.0016593852026986794,0.00042131675422690524,0.0002478027975769435,0.000578198355035229,0.044898214938887716,0.0035305630281981396,0.03529888881726369,0.0
충청북도,청주시 서원구,  면적(㎡)  ,123084343.24999997,1394892.95,845809.35,677382.54,2381393.2500000005,0.0,350345.6699999999,0.0,0.0,163126.06,16171775.419999998,893.94,7638.610000000001,356127.80000000005,431170.69,2633617.38,6551805.24,488911.57999999996,10764802.190000001,694183.72,551495.37,188388.22999999998,107161.16,29921971.42,11317209.080000002,3350521.1300000004,219150.52999999997,525835.0499999999,3665810.5000000005,19117453.46,1432731.44,0.0,0.0,0.0,44669.1,53.41,206897.14,195122.64,6732602.14,1428613.21,164781.85,0.0
충청북도,청주시 서원구,  비율(%)  ,1.0,0.011332821975308384,0.006871786676247307,0.0055034013434523505,0.01934765370736949,0.0,0.002846386963193225,0.0,0.0,0.0013253193354468343,0.13138775406351288,7.262824632246639e-06,6.205996472260498e-05,0.002893363937252841,0.0035030506611571015,0.02139685121974277,0.05323020838395709,0.003972167109889503,0.08745874500167189,0.005639902701434775,0.004480629748983124,0.0015305620928354755,0.0008706319355528594,0.243101361472309,0.09194678040417627,0.027221343036251698,0.0017804907124123605,0.004272152217865452,0.029782914733145812,0.15531994529287954,0.01164024117259122,0.0,0.0,0.0,0.0003629145577782494,4.3393008882955556e-07,0.001680937920591294,0.001585275875451365,0.054699094638911365,0.011606782571023714,0.0013387718181613651,0.0
충청북도,청주시 흥덕구,  면적(㎡)  ,198783008.97999996,1922108.9599999997,1266846.4500000002,3446302.0799999996,3738524.94,0.0,395484.95,0.0,0.0,970763.83,28331613.130000003,1169.75,142917.33000000002,391709.42999999993,1179691.1199999999,13274780.16,13238476.22,3857781.71,14218138.249999998,4768583.1899999995,1213192.37,476716.0,275648.6,27594241.320000004,12960877.99,6665719.4,457756.81999999995,617884.01,3244797.5799999996,30013921.73,4537726.8,0.0,0.0,0.0,437005.01,11598.869999999999,778994.54,245718.84,14218638.600000001,3232430.86,655248.14,0.0
충청북도,청주시 흥덕구,  비율(%)  ,1.0,0.0096693825587145,0.006373011740291448,0.01733700529881173,0.018807064845145504,0.0,0.00198953095654061,0.0,0.0,0.0048835352426809826,0.14252532585846164,5.884557266751563e-06,0.0007189614984366157,0.001970537783938117,0.005934567174796571,0.06678025565724084,0.0665976246557972,0.019406999269178687,0.07152592328165493,0.023988887251826328,0.006103098932978031,0.0023981727736497012,0.0013866808909595168,0.1388158950887816,0.06520113593463124,0.033532641618633785,0.0023027965133884053,0.0031083341235777695,0.01632331453603495,0.15098836607820829,0.022827538547102642,0.0,0.0,0.0,0.002198402228854319,5.8349403500411794e-05,0.003918818534829486,0.0012361159098095871,0.07152844034788997,0.0162611023778457,0.003296298528542377,0.0
충청북도,청주시 청원구,  면적(㎡)  ,214814583.98999998,1901325.29,936464.3400000001,2333934.8800000004,3211914.7300000004,0.0,379269.32999999996,0.0,0.0,202931.07,25575388.72,772.29,128179.83,367418.39,1581493.91,19298534.47,17517395.259999998,3638167.7800000003,20394957.419999998,1439826.1199999999,1586722.57,1448943.06,273923.5,28554185.61,17311216.86,6436115.5600000005,336780.93,723261.02,4001097.67,33612124.75,5066040.3100000005,0.0,0.0,0.0,380958.17,36057.57,0.0,236758.46000000002,12790588.079999998,2606228.8200000003,505607.22,0.0
충청북도,청주시 청원구,  비율(%)  ,1.0,0.008851006550321137,0.004359407646380258,0.010864880943598547,0.014952032912949342,0.0,0.0017655660195662305,0.0,0.0,0.0009446801340520103,0.11905797197265983,3.5951469665390666e-06,0.0005966998497921677,0.0017103977913208352,0.007362134733243351,0.0898381018250529,0.08154658280005544,0.016936316484775372,0.09494214518018675,0.006702646036672382,0.007386475073190864,0.00674508700986266,0.0012751624908891271,0.13292479998159365,0.08058678576872541,0.029961259801148388,0.0015677749794477537,0.0033669083661175873,0.018625819512264857,0.15647040403720777,0.023583316439240616,0.0,0.0,0.0,0.001773427869393329,0.00016785438553687092,0.0,0.00110215263601945,0.0595424567663219,0.012132457543577791,0.002353691311868923,0.0
충청북도,충주시,  면적(㎡)  ,981726451.5700003,4484018.470000002,959342.2699999998,2974434.55,4593334.07,0.0,813220.29,0.0,1839.84,780121.6,47701008.589999996,4001.6399999999994,91482.77000000002,564966.95,2302785.1099999994,30118441.099999998,17857217.020000003,10133569.530000001,62379613.01999999,4657310.649999999,34294528.45,1265439.4699999995,554867.4800000001,328500650.51000005,147204849.94,59165848.81,1607065.22,4117611.49,8560426.15,114843340.34,13636446.49,0.0,0.0,0.0,6191569.15,1129517.57,1822761.7099999997,338972.85,27622062.88,17370236.95,23083548.640000004,0.0
충청북도,충주시,  비율(%)  ,1.0,0.004567482584205664,0.0009771991662909732,0.0030297997423245683,0.004678832950517154,0.0,0.0008283573175597732,0.0,1.8740862050296028e-06,0.0007946425389194831,0.04858890021116922,4.076125272575147e-06,9.318560160388731e-05,0.0005754830677084145,0.0023456484301888074,0.0306790563214772,0.01818960565994969,0.010322192616684775,0.06354072758276098,0.004744000370522682,0.034932876052341647,0.0012889939636201904,0.0005651956093396922,0.3346152586442527,0.14994487487281868,0.06026714337316731,0.0016369786282420557,0.004194255419536693,0.008719767238939078,0.116980998277412,0.013890271030379462,0.0,0.0,0.0,0.006306817077301213,0.0011505420559807151,0.0018566900250930347,0.00034528238437286327,0.02813621129982404,0.017693561095579225,0.023513218578438265,0.0
충청북도,제천시,  면적(㎡)  ,882849644.39,3376997.95,458478.86999999994,1057714.7,2664610.45,0.0,574517.8900000001,0.0,1991.85,1003097.4899999999,28197475.619999997,3915.98,56631.880000000005,299268.42999999993,1464849.4000000001,8243122.539999999,8100248.05,7533370.17,59716608.44,1970227.73,5440573.43,621981.8799999999,271195.22,300561165.31,203042768.29000002,85017308.17,724880.4900000001,610614.6799999999,5009960.319999999,78017838.47,11381442.92,0.0,0.0,0.0,7578612.409999999,5966214.7,359023.98,299452.07,24825030.990000006,2499275.5500000003,25899178.069999997,0.0
충청북도,제천시,  비율(%)  ,1.0,0.0038251110723766762,0.0005193170466946083,0.0011980688973724648,0.003018192811122553,0.0,0.0006507539462135255,0.0,2.256159939189031e-06,0.0011362042182087352,0.03193915951507562,4.435613725263178e-06,6.414668721889726e-05,0.0003389800651806093,0.0016592286232522974,0.009336949493472966,0.009175116172354378,0.008533016032650883,0.0676407458727141,0.0022316684868365303,0.006162514154671415,0.0007045162038092622,0.00030718166079953603,0.34044434091341913,0.22998567149029242,0.09629873978002476,0.0008210690173646184,0.0006916406251960386,0.005674760534633962,0.08837047051642184,0.012891711507528492,0.0,0.0,0.0,0.008584261723564943,0.0067579057633560275,0.00040666491999106553,0.00033918807341980044,0.028119205968704583,0.0028309186800736163,0.02933588775231924,0.0
충청북도,보은군,  면적(㎡)  ,583726077.75,2295670.48,57656.28999999999,550565.87,1396250.7399999998,0.0,241190.78,0.0,0.0,0.0,18621868.249999996,3327.42,23499.15,115832.95,1617542.4600000002,31808537.749999996,6737929.739999999,11843395.430000002,29875427.599999998,3054060.53,11545535.719999997,1750450.1999999997,175747.0,198896340.98999998,117191092.04,42570407.31,572716.4600000001,494944.83999999997,6218567.229999999,56698996.95000001,8569343.78,0.0,0.0,0.0,789997.5799999998,2594263.2299999995,227175.02000000002,132261.83000000002,12731228.0,3545674.68,10778579.45,0.0
충청북도,보은군,  비율(%)  ,1.0,0.003932787256736535,9.877285288030803e-05,0.0009431921769234336,0.002391962246027991,0.0,0.0004131917164463191,0.0,0.0,0.0,0.031901724044570486,5.700310688235309e-06,4.025715296218835e-05,0.00019843716841722,0.002771064239985465,0.05449223353633184,0.011542965094127148,0.02028930329042508,0.05118056009276861,0.005232009749799121,0.01977903019940931,0.002998752782721638,0.0003010778628863476,0.34073574673356277,0.20076384541824593,0.07292873992213894,0.0009811390681868505,0.0008479059936944885,0.010653228401187355,0.09713288323274677,0.014680419646541994,0.0,0.0,0.0,0.0013533703737292038,0.004444316142255818,0.00038918086523675105,0.00022658201345022918,0.021810277945904226,0.006074209830862744,0.018465132638148612,0.0
충청북도,옥천군,  면적(㎡)  ,541705875.6700001,2640482.74,114655.14,923906.53,1622682.52,0.0,191694.18,0.0,5918.59,484993.65,20016983.46,1594.8,25033.870000000006,138881.39,1442607.2,13667036.49,6267747.829999999,8131509.409999999,37039317.95,4204231.38,8665676.52,1039795.3800000001,350109.58,193377133.27,80731417.98,37760821.43,404947.07,42798.11,7663062.42,71154421.56,9004790.889999999,0.0,0.0,0.0,972882.4400000001,628045.84,29032.17,97889.06,9692580.19,6695828.9399999995,16475365.69,0.0
충청북도,옥천군,  비율(%)  ,1.0,0.00487438452967519,0.0002116557068135742,0.0017055501361458952,0.002995504743220685,0.0,0.00035387133241430356,0.0,1.0925836816297569e-05,0.0008953080846689055,0.03695175621870876,2.944033047504788e-06,4.621303021503555e-05,0.0002563778541782048,0.0026630820613044574,0.025229625713577775,0.011570389230590932,0.015010930793288284,0.06837532988577709,0.007761096138748846,0.015997014079424558,0.0019194832965655877,0.0006463093640381373,0.35697809818072335,0.14903183001319428,0.06970723989895096,0.0007475404794144938,7.90061764551951e-05,0.014146168177559577,0.1313525009711106,0.01662302606347507,0.0,0.0,0.0,0.0017959606563187195,0.0011593853199823828,5.3593972862288104e-05,0.0001807051841166159,0.017892699018654524,0.012360635615625126,0.03041385820233667,0.0
충청북도,영동군,  면적(㎡)  ,852790823.92,2908404.63,117821.35,467966.95,1651623.19,0.0,216236.99000000002,0.0,0.0,896588.54,21073020.09,2091.64,16249.300000000001,135477.1,1521536.9100000001,8362784.779999999,3957670.4,8600269.82,29551574.240000002,5553036.9799999995,37013712.47,516214.23,262517.18,341383751.53999996,164785423.92000002,82900247.93000002,1505984.0499999998,494446.7700000001,7990539.36,87207711.30999999,11625340.7,0.0,0.0,0.0,921455.8699999999,4036103.01,214050.36,115045.75999999998,18132707.389999997,6753928.1,1899291.06,0.0
충청북도,영동군,  비율(%)  ,1.0,0.0034104548834508054,0.0001381597300243146,0.0005487476376081409,0.0019367272063365191,0.0,0.00025356392673883313,0.0,0.0,0.001051358099608385,0.024710655296610994,2.452699936879499e-06,1.9054262246053836e-05,0.00015886322436873344,0.001784185367996801,0.009806372847164346,0.004640845432421384,0.010084852672859891,0.0346527816799917,0.006511604984765793,0.04340303792184359,0.0006053233870729663,0.00030783302614971226,0.40031358448578364,0.1932307657375292,0.09721052995028107,0.0017659477655698553,0.0005797984173037771,0.009369870237662866,0.1022615498008465,0.013632112792398631,0.0,0.0,0.0,0.0010805180404784016,0.00473281711856063,0.0002509998395809193,0.00013490501629833716,0.02126278435625032,0.00791979452704991,0.0022271476272101303,0.0
충청북도,증평군,  면적(㎡)  ,81900346.05,617918.22,192114.46,578762.55,728238.6699999999,0.0,142834.08000000002,0.0,0.0,153782.49,7099776.63,0.0,7166.68,70451.25,328080.73,6836395.2,2901840.33,1859729.5,6616478.54,489747.43999999994,342545.42,247853.97,100437.94,19056651.490000002,11266646.6,3724320.5700000003,73657.81,248853.56,1633517.7,11071397.84,1243149.32,0.0,0.0,0.0,41726.74,31471.270000000004,5568.7,63521.119999999995,3122638.16,361796.66000000003,641274.4099999999,0.0
충청북도,증평군,  비율(%)  ,1.0,0.0075447571323173914,0.002345709991050764,0.007066667943584349,0.008891765482351096,0.0,0.0017439984919331122,0.0,0.0,0.0018776781468800643,0.08668799306007328,0.0,8.75048805730901e-05,0.0008602069880997774,0.004005852793341158,0.08347211617184615,0.035431356153592226,0.02270722395806043,0.08078694241365784,0.0059797969559372815,0.004182466088615507,0.003026287213105127,0.001226343292111157,0.23268096423385018,0.13756531130065963,0.04547380749437017,0.0008993589594240793,0.0030384921676408472,0.019945186788377433,0.13518133163003895,0.015178804241450456,0.0,0.0,0.0,0.0005094818521832119,0.0003842629673479872,6.799360770222289e-05,0.0007755903737112475,0.038127288962779664,0.0044175229708934794,0.007829935292440684,0.0
충청북도,진천군,  면적(㎡)  ,408150338.93000007,2007691.9100000001,412758.87999999995,4191964.55,2423317.76,0.0,532612.35,0.0,0.0,0.0,27496924.4,1212.3400000000001,84868.23,253905.62,1547764.4,33207759.650000002,8473841.83,6360074.309999999,21419974.08,7852836.0200000005,1442516.9100000001,1322528.16,404276.02999999997,118108754.2,57394353.230000004,21192811.63,855140.95,2134963.68,4420902.12,52134750.53,6085605.74,0.0,0.0,0.0,347961.92000000004,40588.869999999995,397062.29000000004,176762.36000000002,16508769.9,3404690.86,5510393.220000001,0.0
충청북도,진천군,  비율(%)  ,1.0,0.004919000962398637,0.0010112912832121652,0.010270638414731156,0.00593731654456769,0.0,0.0013049415845060607,0.0,0.0,0.0,0.06736959834968033,2.9703270691340104e-06,0.00020793374868311782,0.000622088470306394,0.0037921428757295476,0.0813615878331913,0.02076156999456347,0.01558267555693684,0.052480598536691736,0.019240057574341017,0.003534278358757897,0.003240296610967216,0.0009905076425021308,0.28937561220610986,0.14062061881527296,0.05192403290796894,0.0020951616804774018,0.005230826674300907,0.010831553225190898,0.1277341840917628,0.014910206263588853,0.0,0.0,0.0,0.0008525337034197033,9.944588091340824e-05,0.0009728334197661864,0.0004330814975271053,0.04044776722047839,0.008341756787280096,0.013500890957106524,0.0
충청북도,괴산군,  면적(㎡)  ,842156973.12,2944172.73,51006.39000000001,759139.38,1673920.15,0.0,240958.62999999998,0.0,0.0,10826.880000000001,23006796.92,1498.8900000000003,28151.26,149533.56999999998,1878089.5999999999,20841845.41,4162442.78,21879459.55,49995033.57000001,3370059.65,9709687.009999998,1013445.7000000001,492612.79999999993,292835047.18,201454998.92999998,64317019.62,1386587.67,150939.53,6739146.99,87619843.87,8634824.98,0.0,0.0,0.0,798569.8500000001,5713027.600000001,395278.06,99436.09,20602853.060000002,6568215.989999999,2632502.8299999996,0.0
충청북도,괴산군,  비율(%)  ,1.0,0.003495990443554139,6.056636901198233e-05,0.0009014226613686536,0.0019876581248250034,0.0,0.000286120803711098,0.0,0.0,1.2856130561846296e-05,0.027318893809980642,1.779822583961935e-06,3.3427568610761466e-05,0.0001775602111872471,0.0022300944597562437,0.02474817174853484,0.004942597298196198,0.02598026288251415,0.05936545699405632,0.004001700107658903,0.011529545345955893,0.001203392873712622,0.0005849417813106523,0.34772026656160404,0.23921312220886212,0.07637177114584716,0.0016464717555718955,0.00017922968617216739,0.008002245668088449,0.10404217582547398,0.010253225058518412,0.0,0.0,0.0,0.0009482434694347782,0.006783803711598484,0.0004693638746890437,0.00011807310652741127,0.02446438575895313,0.007799277568962296,0.0031259051626054647,0.0
충청북도,음성군,  면적(㎡)  ,519471807.14000005,3050496.7399999998,430252.39999999997,6666368.09,3979632.6499999994,0.0,497926.17000000004,0.0,1216.2,302852.05,40285237.1,3198.2400000000002,57989.009999999995,272745.9,1741278.34,31227319.43,10385591.959999999,13436396.4,41766479.879999995,10094308.81,17666875.4,1531433.39,664411.83,121895679.99,65724631.96,26902828.34,1066626.27,2684693.6,6476672.12,68573663.24,6549851.81,0.0,0.0,0.0,549952.72,175099.86,233116.44,193920.62,27209882.87,1934979.5699999998,5238197.74,0.0
충청북도,음성군,  비율(%)  ,1.0,0.005872304710422671,0.0008282497607883559,0.012832973798332396,0.007660921334519065,0.0,0.000958523952900117,0.0,2.3412242652703356e-06,0.0005829999738915186,0.07755038203477123,6.156715255844597e-06,0.000111630716437267,0.0005250446631581947,0.003352017022033917,0.06011359808326247,0.019992599823999754,0.025865496866856588,0.08040182220850291,0.019431870356112584,0.03400930552375231,0.002948058718395995,0.001279014223424329,0.23465311940816944,0.1265220384564333,0.05178881311791684,0.002053290006001306,0.0051681218558921,0.01246780293170849,0.13200651565200164,0.012608676197580024,0.0,0.0,0.0,0.0010586767413381208,0.0003370728836354535,0.00044875667321282373,0.0003733034542676105,0.0523799030014863,0.003724898143468475,0.010083699765805157,0.0
충청북도,단양군,  면적(㎡)  ,780633624.2099998,1545315.87,62832.34,602462.6200000001,897121.7000000001,0.0,277798.45,0.0,0.0,630655.22,15945390.39,3087.2799999999997,24312.640000000003,81575.12999999999,1385439.0699999998,1302124.99,2286261.06,1641390.83,44009370.050000004,662679.8,2656454.7300000004,167460.21,86611.16,336667979.40999997,208152422.81,59634883.379999995,979403.1499999999,359752.28,2723205.24,55244528.61,6063030.51,0.0,0.0,0.0,3842243.12,2302286.04,6684322.75,123997.79000000001,13747330.25,9227048.43,612846.9,0.0
충청북도,단양군,  비율(%)  ,1.0,0.001979566114083105,8.048889780220041e-05,0.000771761042972869,0.0011492224677202268,0.0,0.00035586277785706666,0.0,0.0,0.0008078760643166277,0.020426215186588607,3.954838613471618e-06,3.114475119439592e-05,0.00010449861173037981,0.0017747622278018863,0.001668036002571307,0.0029287248064848517,0.002102639162720009,0.05637647250275368,0.0008488998929179244,0.003402946846785301,0.00021451831538702872,0.00011094981988208666,0.4312752730203077,0.2666454740796619,0.07639292176320284,0.0012546258829052549,0.000460846508327218,0.0034884549621544683,0.07076883046884816,0.0077668067605155735,0.0,0.0,0.0,0.004921954423739235,0.0029492529768108703,0.008562688747572877,0.00015884249173289916,0.01761047669950456,0.011819947468106771,0.0007850634164268805,0.0
충청남도,천안시 동남구,  면적(㎡)  ,438634321.47999996,2718624.6799999997,1268942.7999999998,3094504.33,3808671.19,0.0,667777.97,0.0,0.0,230027.38,33654505.14,4276.29,84462.46,766640.72,1066786.49,21496516.130000003,10845296.73,5948886.39,25955981.049999997,5385246.85,2217827.7600000002,1411023.2700000003,355321.9,135479164.26999998,53838412.93999999,30142153.30999999,349150.02999999997,1425252.48,7096559.02,58556066.49000001,5926504.029999999,0.0,0.0,0.0,458437.33,24539.359999999997,117096.53,341571.12,20595895.43,1820636.1000000003,1481563.5099999998,0.0
충청남도,천안시 동남구,  비율(%)  ,1.0,0.006197929680529932,0.002892940059315123,0.007054861369622891,0.008683021376779475,0.0,0.0015224024598596033,0.0,0.0,0.0005244171938572034,0.07672565390333806,9.749100311100444e-06,0.00019255780011699603,0.0017477900895061533,0.002432063424495708,0.049007829705319035,0.024725143927193816,0.013562291181245939,0.05917453281453602,0.012277303864024116,0.005056211179546571,0.003216855592236955,0.0008100640615652355,0.30886585393700733,0.12274099472732394,0.0687181823991727,0.0007959934116006466,0.003249295393007649,0.016178759099505568,0.13349631714277502,0.0135112638017092,0.0,0.0,0.0,0.0010451469653655523,5.5944915384645516e-05,0.00026695706255931717,0.0007787149871161514,0.046954591607212146,0.004150692298443441,0.003377673468416797,0.0
충청남도,천안시 서북구,  면적(㎡)  ,198070081.8,1733562.58,1701658.7299999997,5705137.49,4146547.72,0.0,537062.3900000001,0.0,0.0,846367.7999999999,31584477.689999998,344.34000000000003,75679.24,575827.17,481749.88000000006,18979045.71,5178459.600000001,9161787.26,15352835.57,1765133.23,12879116.89,1074902.94,123065.76000000001,25229705.779999997,8687732.11,7628419.169999999,308144.72000000003,230242.19,1390652.25,25486714.049999997,2250466.1300000004,0.0,0.0,0.0,167389.41,2721.34,0.0,319442.93,11201503.94,878223.9299999999,2385961.86,0.0
충청남도,천안시 서북구,  비율(%)  ,1.0,0.008752268713406468,0.008591195169587696,0.028803630705624316,0.020934750378842928,0.0,0.0027114765901005452,0.0,0.0,0.004273072400982872,0.15946112306800692,1.738475578294026e-06,0.00038208314608773996,0.0029071890351488714,0.0024322193216764756,0.09581985092106929,0.02614458252826349,0.04625528084171266,0.07751213828195631,0.008911660024366183,0.06502303009600716,0.0054268818906500794,0.0006213243256205895,0.12737767133087535,0.043861910042387826,0.03851373766636168,0.0015557358143121643,0.001162427903839034,0.007021011135867567,0.12867523362632344,0.011361969003841751,0.0,0.0,0.0,0.0008451019380555433,1.3739278417362676e-05,0.0,0.0016127772912345006,0.05655323529027794,0.004433905019975611,0.012046048743541236,0.0
충청남도,공주시,  면적(㎡)  ,863830724.22,4559944.190000001,289555.98000000004,980129.06,3165688.0300000003,0.0,435792.73,0.0,0.0,100397.83,37497992.269999996,6085.709999999999,40039.94,403774.78,2100521.62,40987016.47999999,23523171.059999995,9504275.28,46437986.739999995,6993543.17,11709342.95,2051711.73,928899.1199999999,280286643.16,132987253.97000001,60425358.530000016,1011853.53,334003.75,15020895.57,127655783.10000001,10834719.209999999,0.0,0.0,0.0,1115795.6300000001,886383.4,406026.2,193355.01000000004,28738194.0,9138144.589999998,3080445.9,0.0
충청남도,공주시,  비율(%)  ,1.0,0.005278747400559784,0.000335199908826415,0.0011346309323334292,0.003664708769022395,0.0,0.000504488573723169,0.0,0.0,0.00011622396284949772,0.04340895874461861,7.045026102185841e-06,4.635160440276566e-05,0.0004674234993951973,0.002431635691004943,0.047447972537686026,0.027231227601033005,0.011002474227322638,0.053758202200936286,0.008095964838846004,0.01355513600256926,0.0023751316924419453,0.0010753254010949353,0.32446940737502267,0.1539505949965851,0.06995046232531422,0.0011713562641727728,0.0003866541680392188,0.017388702611339957,0.1477787019155488,0.012542641638248348,0.0,0.0,0.0,0.0012916831952319281,0.0010261077490620215,0.0004700298202134721,0.00022383437469718486,0.03326831657434885,0.010578628814402646,0.0035660295630043754,0.0
충청남도,보령시,  면적(㎡)  ,584456781.9499999,3949564.9500000007,291237.44000000006,572908.19,2704205.0999999996,0.0,451696.0499999999,0.0,218357.63999999998,462631.94,33918037.64,11350.69,141561.57999999996,235723.42,3296374.98,73082541.56,15594580.610000001,8091790.36,28288649.169999998,3032175.2399999998,1776100.41,1873258.65,281774.85,100450334.41000001,133041092.77,32397614.139999997,1487109.72,264004.39,8614196.75,77135451.64,10617516.489999998,1208123.18,39595.86,1583990.88,169185.97,2927339.0399999996,1028954.4800000001,194930.11000000002,19164954.86,3598018.41,9973949.5,2285898.8800000004
충청남도,보령시,  비율(%)  ,1.0,0.006757668097925989,0.0004983044922984833,0.0009802404689163349,0.004626869228854878,0.0,0.0007728476492187275,0.0,0.00037360784705323244,0.0007915588530882648,0.05803344008916245,1.9420922727817792e-05,0.00024221051816301876,0.00040332053161146495,0.005640066266323185,0.12504353412781885,0.02668217923311584,0.013844976412117757,0.04840160991137251,0.005188023021793596,0.003038890923763709,0.00320512774913827,0.00048211409072862076,0.17186956762629116,0.22763204548010807,0.0554320099287882,0.0025444305993650384,0.00045170900253594027,0.01473880878113746,0.13197802476111725,0.01816646981933443,0.002067087280549949,6.774814019248974e-05,0.0027101933434926073,0.0002894755869467758,0.005008649279820372,0.0017605313374360447,0.0003335235658479812,0.032791055646676635,0.006156175308626686,0.017065332815067356,0.0039111512614726715
충청남도,아산시,  면적(㎡)  ,543241489.26,4185264.7299999995,1698422.6100000003,8944002.360000001,5426011.0600000005,0.0,947115.2999999999,0.0,39.55,752694.3999999999,55357575.63000001,4514.530000000001,191819.23999999993,743502.08,2028104.6400000001,74926686.79,20315424.65,11889042.950000001,38966905.989999995,3578354.1199999996,9383426.479999999,1579909.8399999999,411343.69999999995,91036493.08000001,49026266.03,23794146.759999998,857432.17,1081715.6400000001,8064097.4,66159125.60999999,8353534.52,18910.32,0.0,203.12,487700.4799999999,294467.45,708556.85,362898.17,24993952.599999998,19913261.07,6756963.990000002,1603.35
충청남도,아산시,  비율(%)  ,1.0,0.007704243532100503,0.0031264596750766966,0.016464137104445876,0.009988211812376992,0.0,0.0017434517037536183,0.0,7.280371765027511e-08,0.0013855613293184128,0.10190233390569586,8.310355687577663e-06,0.0003531012335992504,0.001368640088614722,0.0037333390031800977,0.13792519214993068,0.03739667358189732,0.02188537360464713,0.07173035705185268,0.006587041289637893,0.0172730298872828,0.0029083011353793,0.0007572022905693923,0.16758015519766234,0.09024764676347394,0.04380031207191525,0.0015783628219707383,0.0019912242738924562,0.014844406326521307,0.12178584831604361,0.015377202745282084,3.4810154183472834e-05,0.0,3.739036947945356e-07,0.0008977600011080566,0.0005420562601010495,0.0013043128406211967,0.0006680236638301274,0.04600891701781945,0.03665637007424767,0.012438232579040113,2.9514498279284093e-06
충청남도,서산시,  면적(㎡)  ,744644136.5299999,4412000.96,866797.25,2322838.8999999994,3242643.03,0.0,488561.98,0.0,311034.37999999995,0.0,50658863.04000001,5104.6,84263.83,371050.9,9413243.08,148604642.89000002,38127121.18,24401325.92,70849414.54,4801579.009999999,1883309.5799999998,1176166.32,958678.8799999999,52781935.39,121498311.42,28010567.130000003,1234400.5200000003,457893.42,7941622.789999999,87433448.79,13293096.049999999,538382.36,619304.3200000001,821674.5999999999,309835.43,412870.24,689829.25,249405.87999999995,22461957.75,15982750.660000002,26766297.510000005,161912.75
충청남도,서산시,  비율(%)  ,1.0,0.005924979118965038,0.0011640422686187081,0.0031193946021307564,0.004354621047726952,0.0,0.000656101291922705,0.0,0.00041769533222863045,0.0,0.06803097017062067,6.855086543469142e-06,0.00011315986504998851,0.0004982929184523987,0.012641263951751755,0.1995646451773452,0.05120180138350415,0.03276911040179383,0.09514533327309113,0.006448152579801527,0.0025291404143408924,0.0015795012171597423,0.0012874322551808305,0.07088209360777468,0.16316291965471635,0.03761604470630452,0.0016577052842344773,0.0006149157665213854,0.01066499069878871,0.11741642014054526,0.017851609108137323,0.0007230062436385141,0.0008316782334255979,0.001103446008222072,0.00041608523427555047,0.0005544530867105894,0.000926387808832506,0.000334932980419637,0.030164687597852406,0.021463609093168624,0.035945085977215185,0.00021743641298849727
충청남도,논산시,  면적(㎡)  ,553899406.83,4946651.16,356353.83,1809208.8299999998,3445990.4900000007,0.0,430368.08999999997,0.0,0.0,755736.96,36632146.95,2902.3900000000003,46985.71,349412.42999999993,2697856.66,77644121.67,28106962.849999998,17921804.060000002,42546625.25000001,27920314.599999998,4364310.54,1644817.0700000003,554041.9099999999,89480051.39999999,61120515.9,24509853.11,1819659.8599999999,437894.7100000001,11600645.559999999,75605374.9,9551767.44,0.0,0.0,0.0,206564.56,818848.3900000001,127571.86000000002,341663.87,12382648.909999998,6866388.82,6853346.090000001,0.0
충청남도,논산시,  비율(%)  ,1.0,0.008930594795740954,0.0006433547781526516,0.0032663129941846517,0.006221329085224362,0.0,0.0007769787883742694,0.0,0.0,0.0013643938785295484,0.06613501747482996,5.239922563937295e-06,8.482715348785454e-05,0.0006308228997747235,0.004870661760481019,0.14017729701925846,0.050743803844921685,0.032355701845877716,0.07681290993521175,0.05040683246040947,0.007879247542396217,0.0029695230753421244,0.0010002572726531978,0.16154567110316972,0.11034587715086468,0.0442496467910507,0.003285181095271475,0.0007905672123862673,0.020943596286537292,0.13649658036771362,0.017244588678412467,0.0,0.0,0.0,0.00037292793141300066,0.0014783341160921606,0.00023031593539718975,0.0006168337892892196,0.022355411031881493,0.012396454546316922,0.01237290743678914,0.0
충청남도,계룡시,  면적(㎡)  ,60810374.99999999,193019.7,181033.6,124678.44,400576.86,0.0,179434.89,0.0,0.0,122697.45,4073912.44,1139.8,8475.630000000001,55536.280000000006,88994.9,124.56,1519125.74,136.89,2328907.89,234398.3,41645.39,13032.49,12527.48,21170984.439999998,12272624.77,6416666.239999999,72435.65000000001,828534.55,984748.1300000001,6033914.98,455659.37,0.0,0.0,0.0,16277.86,652043.03,0.0,38824.89,1860113.7799999998,148302.66,279845.92,0.0
충청남도,계룡시,  비율(%)  ,1.0,0.003174124481225449,0.0029770183130756887,0.0020502823736903452,0.006587311129063092,0.0,0.0029507282268856267,0.0,0.0,0.002017705860225332,0.06699370691267732,1.874351210628121e-05,0.00013937802554251643,0.0009132698162114608,0.0014634821771778255,2.0483346797318717e-06,0.024981357868620283,2.2510961328556188e-06,0.03829787088140799,0.0038545774466939237,0.000684840210243729,0.00021431359369186593,0.0002060089252861868,0.3481475725153808,0.20181794257969962,0.10551926772364091,0.0011911725589588951,0.01362488802280861,0.016193751970778016,0.09922509078426175,0.00749311889624098,0.0,0.0,0.0,0.00026768228283413815,0.01072256222725152,0.0,0.0006384583222846432,0.030588756934980258,0.002438772331201707,0.004601943665040711,0.0
충청남도,당진시,  면적(㎡)  ,710101283.4800003,4714379.83,940301.49,4429842.37,4720073.53,0.0,551198.01,0.0,890164.8699999999,128478.57,56971305.45,3648.8899999999994,160365.34,300728.71,7003293.860000001,173940356.51000005,35751080.010000005,9488673.48,60098875.64000001,5137764.67,3685041.0,2151113.9899999998,626357.85,53545826.480000004,75942411.75000001,22290337.91,1333513.1500000004,1003027.13,8375128.1,92997463.19,16256686.129999999,625650.3500000001,0.0,439903.62999999995,683982.01,417100.01,902761.94,170588.14,27089395.130000003,24200168.180000003,10592242.069999998,1542054.11
충청남도,당진시,  비율(%)  ,1.0,0.0066390245161875965,0.0013241793978907563,0.00623832469121958,0.006647042668150507,0.0,0.000776224494763252,0.0,0.0012535745121281295,0.000180929922236394,0.0802298302726622,5.138548661844193e-06,0.00022583446014080697,0.0004235011497602369,0.009862387271966177,0.24495147460876124,0.050346451755155744,0.013362422658214003,0.08463423040931974,0.007235256138140332,0.005189458300850667,0.0030293058751534917,0.000882068325423103,0.07540590015214091,0.10694588718080933,0.03139036420376756,0.0018779196447369303,0.0014125127687200552,0.011794272584547275,0.13096366018977804,0.02289347521008651,0.0008810719886800787,0.0,0.0006194942048888575,0.0009632175379940207,0.000587381011277594,0.0012713143336058003,0.00024023071633386868,0.03814863563862713,0.034079882325239584,0.014916522919224276,0.0021715974127561643
충청남도,금산군,  면적(㎡)  ,576693834.7099999,2758548.96,127951.41,1503415.52,2058911.3800000001,0.0,228670.81999999998,0.0,0.0,0.0,21630513.04,890.6999999999999,19199.1,147676.02000000002,1741946.48,8988516.129999999,4239331.449999999,17601101.13,39609829.05,4978306.93,1776184.21,566321.68,323290.85000000003,189560687.37,100152150.76,60567765.25,841148.3200000001,276829.01999999996,9924895.83,73131725.11,7679440.13,0.0,0.0,0.0,1172812.29,4718526.850000001,1427311.04,158325.56,12964753.09,4432631.52,1384227.71,0.0
충청남도,금산군,  비율(%)  ,1.0,0.004783385557411381,0.00022187060498807395,0.002606956116942047,0.003570198354964828,0.0,0.0003965203132698495,0.0,0.0,0.0,0.037507793109800215,1.5444937094704736e-06,3.3291668550010745e-05,0.0002560735196246052,0.0030205741333717688,0.015586287886223066,0.007351095494426116,0.030520702789983884,0.06868432895579413,0.00863249549477744,0.0030799431224944234,0.0009820144518881224,0.0005605935602945577,0.32870246907585504,0.17366606807989057,0.10502585879118598,0.0014585699887410544,0.00048002770853135273,0.0172099912165541,0.12681204602573132,0.013316320840956682,0.0,0.0,0.0,0.0020336827262767048,0.00818203102929441,0.0024749892474882225,0.00027454006002962844,0.022481171654140434,0.0076862821365673555,0.0024002817902433133,0.0
충청남도,부여군,  면적(㎡)  ,624532028.62,4417004.45,130850.63,539789.71,2540290.4899999998,0.0,269897.45999999996,0.0,300.23,0.0,30384223.749999996,1260.05,56099.59,196307.35,3013897.1900000004,83424515.85000001,19948986.279999997,8698451.46,32929873.17,22358124.049999997,23921782.18,1927589.04,606468.98,95827640.90000002,85317986.32000001,37265525.70000001,1569839.5400000003,691199.41,14764833.44,98394203.33000001,13078585.350000001,0.0,0.0,0.0,191375.33000000002,180482.79,581453.14,247259.55,18297710.290000003,18308228.619999997,4449992.999999999,0.0
충청남도,부여군,  비율(%)  ,1.0,0.007072502686147344,0.00020951788539834329,0.0008643106922678549,0.004067510349490264,0.0,0.00043215951725707343,0.0,4.807279470732743e-07,0.0,0.048651185780077016,2.0175906795113056e-06,8.982660204627249e-05,0.00031432711374910816,0.004825848878655066,0.1335792433805827,0.03194229497577628,0.013927950947881044,0.05272727684241214,0.03579980373369117,0.03830353141833073,0.0030864534590152337,0.0009710774663392154,0.1534391136219963,0.13661106622269362,0.059669518923383236,0.0025136253515593157,0.0011067477380260415,0.023641435128035276,0.15754869057303147,0.020941416533751128,0.0,0.0,0.0,0.00030642996872854285,0.00028898884561421874,0.0009310221307381314,0.0003959117205667709,0.029298273669697325,0.029315115608169618,0.007125323916265665,0.0
충청남도,서천군,  면적(㎡)  ,367904176.62000006,3269028.5200000005,131107.99000000002,711606.6,1927698.38,0.0,259118.80000000002,0.0,135508.78,364827.42999999993,24279821.609999996,4762.7300000000005,21728.46,132885.69000000003,1963939.5599999998,84850741.76,10915817.96,6447931.77,21025089.87,2671479.9899999998,2128781.35,685924.08,87511.08,34996648.660000004,69294779.07,8650678.410000002,695913.38,7771.87,9168422.08,49288593.699999996,7064523.01,1115108.7599999998,0.0,678333.02,207604.12,493888.75,0.0,60337.81000000001,9120372.37,9334172.86,4629590.909999999,1082125.43
충청남도,서천군,  비율(%)  ,1.0,0.008885543377172655,0.00035636450557455484,0.0019342172370470324,0.0052396751722421355,0.0,0.0007043105690741803,0.0,0.000368326288776993,0.0009916370978762276,0.0659949605167926,1.2945571979519321e-05,5.906010689963663e-05,0.00036119647028974794,0.005338182289864322,0.23063272219287803,0.029670274635872653,0.017526117341853182,0.05714827720402952,0.007261347274019428,0.005786238605817107,0.0018644096033421102,0.00023786378508659396,0.09512435814542887,0.1883500744857621,0.023513400933567255,0.0018915615103733744,2.1124712612402304e-05,0.024920679521042394,0.13397128065471536,0.019202073417331128,0.0030309760825351284,0.0,0.0018437763502223974,0.0005642885653196311,0.0013424385516289654,0.0,0.0001640041451943656,0.02479007564901941,0.025371206561868028,0.012583686742925452,0.002941324123965309
충청남도,청양군,  면적(㎡)  ,479699649.62000006,2446910.41,42916.52999999999,353400.9,1290122.5999999999,0.0,157710.16999999998,0.0,0.0,0.0,18701983.09,1276.2999999999997,13156.720000000001,141451.53999999998,1305251.7199999997,39716721.56,11754363.829999998,5411767.1899999995,25354740.149999995,5808744.4399999995,6603496.09,1162669.17,431592.97,113947623.99,108557938.61000001,21684089.499999996,531020.85,29530.59,8890542.3,76536884.25,8443307.07,0.0,0.0,0.0,193049.91000000006,45540.6,92817.44,113490.87,13149526.82,3931142.0,2854869.4399999995,0.0
충청남도,청양군,  비율(%)  ,1.0,0.005100921820431493,8.946541869271083e-05,0.0007367128583061315,0.00268943827876878,0.0,0.00032876857451309796,0.0,0.0,0.0,0.038986860017127395,2.660623164955481e-06,2.742699522591325e-05,0.00029487522059282834,0.002720977013499949,0.08279497721430917,0.02450359060989801,0.011281574198119588,0.052855448550118936,0.01210912796080103,0.013765897255149217,0.00242374404676139,0.0008997149994624587,0.23753951890576738,0.22630397728244228,0.045203471624749594,0.001106986111873658,6.156058280091098e-05,0.018533560128807167,0.15955167845261015,0.01760123668359664,0.0,0.0,0.0,0.0004024391307204975,9.493565408287361e-05,0.0001934907396191064,0.00023658735229409314,0.027412000051316606,0.008195007028072883,0.005951368616302971,0.0
충청남도,홍성군,  면적(㎡)  ,443818651.40000015,3859645.29,373088.6,790475.2799999999,2756242.22,0.0,321205.76,0.0,26201.1,422068.06,29578590.449999996,3574.3500000000004,64196.62999999999,275484.55,1696406.77,66868851.300000004,19763171.36,7740997.75,44107264.68000001,5028484.44,1816049.0800000005,3385073.9000000004,426951.89,45070694.489999995,75880096.95,13256140.93,524803.15,15963.97,8851206.490000002,69058370.67,8904865.46,61587.74,0.0,29669.86,338349.83,647172.65,616939.1799999999,191093.72000000003,19756278.97,1880348.3499999999,9406000.92,25044.61
충청남도,홍성군,  비율(%)  ,1.0,0.008696446798314971,0.00084063299012584,0.0017810771978746085,0.006210289295651713,0.0,0.0007237319995155118,0.0,5.9035599151478085e-05,0.0009509921646343858,0.06664566790218493,8.053627283857767e-06,0.00014464608415508328,0.0006207142244495583,0.003822297158194644,0.15066705982064094,0.04452983509741698,0.017441803596089243,0.09938127778286515,0.011330043079843395,0.004091871926227929,0.0076271555720382215,0.0009619962763016044,0.10155205137915477,0.17097095110951432,0.029868372787363203,0.0011824720487625723,3.596957890264995e-05,0.019943295447542336,0.15560042475042313,0.020064198365503837,0.00013876780483588298,0.0,6.685131394637911e-05,0.0007623605473377361,0.0014581916464270518,0.0013900704219029576,0.00043056712329958644,0.044514305353504105,0.004236749276012962,0.021193343024970484,5.6429827635675594e-05
충청남도,예산군,  면적(㎡)  ,543520596.66,4083192.060000001,289456.39,1744532.9699999997,2743433.77,0.0,303639.04000000004,0.0,0.0,433386.06,32192839.020000003,2134.42,46767.88,209240.75999999998,2030498.98,85667834.38000001,13998723.270000001,15844318.669999998,40506917.97,10531165.769999998,12312813.209999999,2622516.93,361331.14999999997,93952535.32,78636118.09,25809492.419999998,882480.38,28194.41,9508036.03,65661103.72999999,11185493.149999999,0.0,0.0,0.0,844752.29,360935.33999999997,263474.95,188827.89,16027806.179999998,4589955.22,9656648.56,0.0
충청남도,예산군,  비율(%)  ,1.0,0.007512488183689287,0.000532558272453233,0.0032096906367861063,0.0050475249454367205,0.0,0.000558652315783245,0.0,0.0,0.0007973682371251613,0.059230209890533875,3.927026893030862e-06,8.604619638592225e-05,0.00038497300982853245,0.0037358271102837,0.1576165372691288,0.02575564450735419,0.029151275530983112,0.0745269235773583,0.019375835680773258,0.02265381162308058,0.004825055289745568,0.000664797529698826,0.17285919962803567,0.1446791870873496,0.04748576701343511,0.001623637421328555,5.187367355213045e-05,0.017493423595035838,0.12080702025552563,0.020579704281192306,0.0,0.0,0.0,0.0015542231429519053,0.0006640692960266666,0.00048475614653627766,0.00034741625461918156,0.029488866251790296,0.008444859768343338,0.017766849350956116,0.0
충청남도,태안군,  면적(㎡)  ,536248021.2700001,3248303.42,190778.53999999998,704477.29,2363230.5,0.0,521283.08999999997,0.0,104937.06999999999,0.0,28371773.269999996,2319.45,17575.86,188021.28,6079752.99,77749731.94,19045706.18,13147030.76,54462573.41,4026869.82,1392331.3000000003,441839.29000000004,875957.79,17363253.38,134319826.12,20627977.73,2333881.4200000004,1993728.78,5457989.220000001,63418442.48,8749083.73,4594382.720000001,2360782.8699999996,4251562.42,441826.87,4313013.249999999,4644.63,130680.7,23799657.9,13287042.729999999,13197349.120000001,2668401.95
충청남도,태안군,  비율(%)  ,1.0,0.006057464626735627,0.00035576548990927327,0.0013137154116328138,0.004406972904819572,0.0,0.0009720932652869123,0.0,0.00019568756589810209,0.0,0.05290793092869027,4.325330645522625e-06,3.277561744353847e-05,0.00035062372734673747,0.01133757654825705,0.1449883801078925,0.03551659945503186,0.02451669794298502,0.10156228321554621,0.0075093420586674325,0.002596431585337195,0.0008239457722446954,0.0016334937477726498,0.03237914675914044,0.25048078648735966,0.038467233279754785,0.004352242483753417,0.0037179228657631923,0.010178106032118878,0.11826326618381852,0.01631536785773024,0.00856764507796055,0.004402408542989008,0.007928350784271416,0.000823922611320072,0.008042944829494117,8.661346645158874e-06,0.00024369451227159393,0.044381810199756254,0.024777793489162345,0.024610532060789003,0.004976059293758147
전라남도,목포시,  면적(㎡)  ,54090352.89000001,1558440.71,869741.27,481300.31000000006,2702146.89,0.0,566027.4400000002,0.0,514344.97,112210.13999999998,14234367.95,857.93,92030.52999999998,389765.54,652084.5299999999,11444.380000000001,954693.4100000001,3862.34,3981556.42,84026.25999999998,222716.45,14592.539999999999,16152.989999999998,1365774.1,5662750.55,4266056.46,70152.1,30149.350000000002,333686.26999999996,7403697.459999999,342884.42,4195.36,314800.07,594778.75,106393.57,405125.20999999996,0.0,147488.8,3199953.52,1480856.71,866468.2100000001,32778.98
전라남도,목포시,  비율(%)  ,1.0,0.028811805187688427,0.0160794157096504,0.008898080420713632,0.04995617047452396,0.0,0.010464480443510749,0.0,0.00950899638325506,0.002074494507887467,0.2631590882564123,1.586105385085425e-05,0.0017014222515271146,0.007205823574356051,0.012055468214934766,0.0002115789487133442,0.017649975623961953,7.140533928211907e-05,0.07360936298746339,0.001553442629055844,0.004117489313721502,0.000269780824497039,0.0002986297766045134,0.025249864847017824,0.10469058246885471,0.0788690816766457,0.0012969429159144833,0.0005573886726402534,0.006169053300106874,0.13687648655309037,0.006339104880630035,7.756207485892775e-05,0.005819893071139473,0.01099602273273318,0.001966960175252796,0.0074897867799804604,0.0,0.0027267117354537926,0.05915941289027148,0.027377464388363686,0.016018904734492665,0.000606004180942588
전라남도,여수시,  면적(㎡)  ,529041616.26000005,4232120.71,1042646.62,4038562.0300000003,4044077.15,0.0,819801.46,229.19,883810.1399999999,534738.0,42787999.650000006,9517.67,172125.83,509144.36000000004,3665803.8800000004,8018199.58,13050216.41,3202103.9699999997,48402028.35999999,1187291.8900000001,850729.4300000003,248071.96999999997,354156.39,82935722.83,126941505.45999998,59032538.33999998,1559890.2700000003,1073866.1800000002,5441565.130000001,66175977.67999999,3627068.48,14433.66,0.0,3169067.1199999996,603432.12,12192034.489999996,736067.6100000001,272740.16,15289751.32,1456663.3800000001,3104361.22,7361556.119999999
전라남도,여수시,  비율(%)  ,1.0,0.00799959885938369,0.001970821553455232,0.007633732216664085,0.007644156954209286,0.0,0.0015495972997275598,4.332173367007171e-07,0.0016705871765778954,0.0010107673641636548,0.08087832475729402,1.799039944585852e-05,0.0003253540453335677,0.0009623899979728222,0.0069291408602502515,0.015156084764529029,0.02466765564164315,0.006052650437288681,0.09149002058131582,0.0022442315566654773,0.0016080576723134484,0.00046890823401326485,0.0006694301149759609,0.15676597129788147,0.23994616218927844,0.1115839218043447,0.0029485209141531595,0.002029833092510899,0.010285703360103371,0.12508652560799205,0.0068559228017658624,2.728265519457076e-05,0.0,0.005990203837655271,0.0011406137087397684,0.023045511194733994,0.001391322700099752,0.0005155363049283452,0.028900847967479704,0.0027534003663033492,0.005867896068263837,0.013914890424011799
전라남도,순천시,  면적(㎡)  ,911626463.8500001,4591779.890000001,964379.81,1305522.12,3950090.27,0.0,669569.35,0.0,19004.63,734266.2,43745753.24,4728.280000000001,99330.92,522798.1799999999,2420755.98,26800703.220000003,19604295.51,6403429.79,59309150.07999999,3686972.9499999997,21165920.060000002,948400.67,1139147.22,222697001.24,259981757.65000004,57032974.3,1270808.34,1928670.0200000003,8565533.030000001,104948804.5,8939490.97,478198.6,153536.46,46399.12,2323941.6599999997,1090380.36,214289.33000000002,334477.72000000003,18765288.71,4864693.15,19849671.970000003,54548.35
전라남도,순천시,  비율(%)  ,1.0,0.005036909383485752,0.0010578672825350098,0.001432080102728141,0.0043330140431837565,0.0,0.0007344777456023605,0.0,2.08469485623961e-05,0.0008054463413655538,0.04798648895650968,5.186641884035955e-06,0.0001089601102413192,0.0005734785032370688,0.0026554253041060393,0.029398777111860824,0.021504745953958737,0.00702418155233987,0.06505860945449558,0.004044389995469304,0.023217755187373172,0.0010403391165222369,0.0012495767347397194,0.24428536255902591,0.28518452234486436,0.06256178002900128,0.0013940011511218043,0.0021156362792001454,0.009395880187402481,0.11512259534105448,0.009806089801569114,0.0005245554171172934,0.00016842036304165806,5.08970744487235e-05,0.002549225754357196,0.0011960823903631348,0.0002350626473643698,0.0003669021614263222,0.020584405405202958,0.005336278994639235,0.021773909333621635,5.983629497725445e-05
전라남도,나주시,  면적(㎡)  ,605809196.9999996,4659803.3,336703.74,1285645.1199999999,3567320.35,0.0,475815.23,0.0,1001.8000000000001,342397.19,40037719.14,1964.5100000000002,60392.5,381895.04000000004,3086274.4399999995,95604516.57999998,21005483.150000002,17026242.29,50296982.150000006,10461207.359999998,21058011.13,3561006.1000000006,623686.37,52357056.69999999,84224806.99,47121868.969999984,1253754.8,1953836.0199999998,10628447.5,80356982.34,12729024.300000006,0.0,0.0,0.0,270418.88,395741.68,1441908.4300000002,229091.54999999996,12315774.760000002,14222798.29,12433618.3,0.0
전라남도,나주시,  비율(%)  ,1.0,0.007691866223021376,0.0005557917272754778,0.0021221947873465525,0.005888521283046818,0.0,0.0007854209417028713,0.0,1.6536559777582919e-06,0.000565189818338133,0.06608965221767675,3.242786688826055e-06,9.968897847551171e-05,0.0006303883168019984,0.005094466137660834,0.1578129170924423,0.034673430601615665,0.02810495841646988,0.0830244611654518,0.01726815540570277,0.03476013773689872,0.005878098446894332,0.001029509576758704,0.08642499479914634,0.13902860406723083,0.07778335027488863,0.002069553922602467,0.0032251673128693044,0.017544216153588713,0.13264404492030193,0.021011606233505255,0.0,0.0,0.0,0.0004463763200346398,0.0006532447542225085,0.0023801362494006526,0.00037815792684309495,0.020329461521859347,0.023477356171600027,0.020523984055659705,0.0
전라남도,광양시,  면적(㎡)  ,470902606.16,1982982.69,679698.49,11335107.720000004,3106552.78,2325.51,480146.92000000004,0.0,3559162.06,602687.92,37931128.06999999,7049.68,43140.56,317037.67000000004,1574025.1799999997,7087646.25,7381153.159999999,3368046.51,21670937.68,3963051.58,8334804.0600000005,176803.4,288348.24,156173250.21,79963815.75,19175288.78,508839.52999999997,74324.05,2718557.8599999994,58400517.14999999,4395153.069999999,778097.05,0.0,98148.91,1279935.1500000001,681873.1000000001,451919.11000000004,243712.34999999998,15027441.589999998,9089781.55,2924501.8599999994,5025612.960000001
전라남도,광양시,  비율(%)  ,1.0,0.004211025091091205,0.0014433950483787655,0.024071023544407058,0.006597017598463825,4.9384097042135595e-06,0.0010196310526191037,0.0,0.00755817023189439,0.001279856836883215,0.08054983678963122,1.4970569089619158e-05,9.161248936758273e-05,0.0006732552885729394,0.003342570543058724,0.015051193510684902,0.015674479315776143,0.00715232081101634,0.04601999945746063,0.008415862490795945,0.01769963459740985,0.0003754564058197779,0.00061233094960198,0.3316466041322705,0.16980966914171303,0.04072028595544607,0.0010805621445788092,0.00015783316768212298,0.005773078815954368,0.12401825002887554,0.009333465163509086,0.0016523523969107607,0.0,0.00020842719644378365,0.002718046435200897,0.0014480130096547353,0.000959687001278668,0.0005175430053092403,0.03191199495059511,0.019302890727496923,0.006210417656950347,0.010672298038402516
전라남도,담양군,  면적(㎡)  ,453516525.87,2976774.22,59258.78,763825.28,1531396.48,0.0,213428.57,0.0,0.0,0.0,21460756.209999997,3297.5600000000004,36469.869999999995,160021.34000000003,663882.3099999999,42131070.67,11054288.73,8741142.299999999,19995360.73,8603205.34,3634440.02,1068258.33,571996.41,113954907.52,96844372.25000001,29594989.750000004,736370.04,504676.18999999994,7505949.62,56099448.32000001,5797044.03,0.0,0.0,0.0,214458.11,525223.95,132118.84,131178.43000000002,8609433.72,2500296.95,6697185.0,0.0
전라남도,담양군,  비율(%)  ,1.0,0.006563761296877833,0.00013066509513919337,0.00168422810731036,0.0033767159356811907,0.0,0.0004706081428688203,0.0,0.0,0.0,0.047320781020781806,7.271091155221193e-06,8.041574654868044e-05,0.0003528456646492083,0.001463854726630846,0.09289864484911146,0.024374610624814805,0.019274142840178744,0.04408959671677245,0.018969993041590062,0.00801390867295938,0.0023555003380543076,0.0012612471153123142,0.25126958119419235,0.21354099955722528,0.06525669531716993,0.0016236895416046639,0.0011128066150001,0.01655055371047619,0.12369879622882993,0.012782431729206085,0.0,0.0,0.0,0.0004728782696255575,0.0011581142473087184,0.0002913208945287072,0.00028924729864772815,0.01898372656538625,0.005513133055523334,0.014767234748838547,0.0
전라남도,곡성군,  면적(㎡)  ,548337330.0299999,2178253.38,36945.26,439879.73,951090.71,0.0,166607.57,0.0,0.0,234619.5,17081751.029999997,1582.1499999999999,18480.11,118127.26000000001,891413.4199999999,31752275.099999998,7579174.03,7143745.43,25001731.28,3131406.8499999996,6524368.3100000005,1155135.77,316762.13000000006,134721665.69,174624085.8,37127083.42,726798.0200000001,736668.6099999999,6276458.99,62757342.099999994,7788656.09,0.0,0.0,0.0,430189.82,1208383.6400000001,164446.83000000002,64318.06999999999,8674531.79,5145421.840000001,3167930.3,0.0
전라남도,곡성군,  비율(%)  ,1.0,0.003972469610779237,6.737688276298589e-05,0.000802206426427203,0.0017344992906975078,0.0,0.00030384137806354494,0.0,0.0,0.00042787438890429697,0.03115190247774202,2.8853589083811593e-06,3.370208261945059e-05,0.00021542808328139395,0.0016256661204358093,0.05790646261173357,0.013822101131771092,0.013028012208486994,0.04559553017962892,0.005710730746397804,0.011898457304818274,0.002106615228871618,0.00057767748546806,0.24569121654115597,0.318461057156999,0.0677084732093085,0.001325457852669335,0.001343458797451737,0.011446346338770353,0.11445024561170494,0.014204132499193294,0.0,0.0,0.0,0.0007845349868418845,0.0022037230985785497,0.0002999008475148009,0.00011729653714526624,0.01581969950782926,0.009383679640630142,0.005777338376409063,0.0
전라남도,구례군,  면적(㎡)  ,439638218.25,1840367.2800000003,36298.15,64449.369999999995,899984.8300000002,0.0,234764.75000000003,0.0,0.0,0.0,13138542.009999998,694.25,20647.97,82509.74,586359.2999999999,17738670.630000003,4351695.99,4757406.01,13938146.4,1588073.6400000001,7432856.85,479044.14999999997,265277.89999999997,188549443.01,104246983.07000001,23105457.79,506446.93999999994,3708.06,2821542.33,34850124.52,4841791.67,0.0,0.0,0.0,570484.8,691602.6599999999,0.0,81587.34,5322404.06,4793459.63,1797393.15,0.0
전라남도,구례군,  비율(%)  ,1.0,0.004186094847089651,8.256368189391369e-05,0.0001465963770314229,0.0020471032604545414,0.0,0.0005339953176375154,0.0,0.0,0.0,0.02988489504460864,1.5791393267935028e-06,4.696582131141871e-05,0.00018767644980555555,0.0013337314083703411,0.040348336185624604,0.00989835689745565,0.0108211839019298,0.03170367320539472,0.0036122283597668095,0.016906757741824235,0.0010896326345486002,0.0006034004528904488,0.42887409506964536,0.23711992893829814,0.05255561693879192,0.0011519629526657966,8.434344072178488e-06,0.006417873180432944,0.07927000673126762,0.01101312731471111,0.0,0.0,0.0,0.001297623310072634,0.0015731176938004977,0.0,0.00018557836105505596,0.012106327064071163,0.010903191376492665,0.004088345997658269,0.0
전라남도,고흥군,  면적(㎡)  ,815437337.8499999,4487423.640000001,122006.34000000001,260587.52,2695871.8999999994,0.0,302833.13000000006,0.0,507413.94,0.0,35524085.339999996,1374.75,27238.049999999996,154401.88,6140016.620000001,110752585.13000003,16060471.59,10514734.409999998,67218304.60000001,3827893.2700000005,8223443.609999999,1339194.08,308326.09,112094141.46,185217885.19,90837394.83999999,1603898.4600000002,0.0,8804334.049999999,84295048.13999999,11394746.5,128519.09000000001,0.0,3680708.4200000004,503765.5200000001,9870299.24,593165.42,93810.43999999999,12968626.66,8052467.63,16701837.79,128483.11000000004
전라남도,고흥군,  비율(%)  ,1.0,0.005503088259156296,0.0001496207425596731,0.0003195678047893549,0.003306044222978549,0.0,0.00037137510872197317,0.0,0.0006222598800023786,0.0,0.04356445761198964,1.685905140945221e-06,3.3402995835114e-05,0.000189348553019536,0.007529722193233026,0.1358198600790255,0.019695531274475847,0.012894595233673478,0.08243221334116153,0.004694282555288317,0.010084703297597473,0.0016423016433499951,0.00037811132221752245,0.13746505863411881,0.2271393233946701,0.11139714926410393,0.0019669181009406246,0.0,0.010797070040002951,0.10337403529038071,0.01397378556400623,0.00015760756104062673,0.0,0.004513784504526905,0.0006177856919432207,0.01210430131397251,0.000727419989822827,0.00011504310097860207,0.015903891149004003,0.009875029332396422,0.02048206160639692,0.0001575634374785455
전라남도,보성군,  면적(㎡)  ,666368150.4599998,3057091.7600000007,46076.58,191233.24999999997,1674673.88,0.0,231523.72000000003,58.41,55031.25,392087.6,25144301.620000005,1622.72,22835.650000000005,136511.68,1893143.2999999998,65320237.269999996,13737214.120000001,12014878.1,41121939.54,3965601.8400000003,4327142.5200000005,1173108.6700000002,446780.67000000004,150998834.84,166267472.48999998,44670718.53999999,1488951.0399999998,358491.27,7482657.470000001,81437905.78999999,10572370.17,9054.29,40574.32,343710.06,779910.3099999999,2815534.25,130623.96,106096.78,11228440.67,6890725.96,5784351.269999999,8632.83
전라남도,보성군,  비율(%)  ,1.0,0.004587691890570796,6.9145831727091e-05,0.0002869783765445422,0.00251313613780004,0.0,0.00034744115522354597,8.765424932100831e-08,8.258385392820987e-05,0.0005883948681060739,0.037733348454068026,2.435170406748615e-06,3.42688196970944e-05,0.00020485925070963366,0.002840987071025448,0.09802424864530045,0.020615052070716587,0.018030390695752827,0.061710541705231804,0.005951067495141403,0.006493621456867253,0.001760451289861607,0.0006704712247900555,0.22659971779228072,0.2495129342169551,0.06703609485111706,0.0022344270790435644,0.0005379777976371325,0.011229014269116338,0.12221158189175561,0.015865659489730715,1.358751914200843e-05,6.0888744415517446e-05,0.0005157960502204884,0.0011703895353666303,0.004225193308018116,0.00019602371438345176,0.00015921646304187926,0.016850206094407287,0.010340719248426371,0.008680413771286952,1.2955045936755353e-05
전라남도,화순군,  면적(㎡)  ,788145158.1700001,2733254.5399999996,129835.99,519994.64999999997,1588536.0300000003,0.0,251416.65000000002,0.0,0.0,315501.39,23146723.0,876.6,38326.63,150380.33000000002,1807675.5599999998,33559213.73,11153208.28,7205361.14,32328814.05,3245466.9699999997,3615334.1399999997,1104195.0,350523.33,226078581.32999998,212940836.64000002,89514596.14,920520.55,1547318.9500000002,8729172.7,83341147.66000001,10687435.509999998,0.0,0.0,0.0,804235.1599999999,1035829.7,335268.57,132405.31000000003,13712510.759999998,4694688.35,10425972.83,0.0
전라남도,화순군,  비율(%)  ,1.0,0.003467958296345261,0.00016473613858323654,0.0006597701509800292,0.0020155373836063823,0.0,0.0003189978995541458,0.0,0.0,0.0004003087333969861,0.02936860394314233,1.1122316630547904e-06,4.862889735818574e-05,0.00019080283427632696,0.0022935820150151716,0.042579990985317194,0.014151210807279099,0.009142175226617111,0.04101885764935041,0.004117854352535354,0.004587142485775679,0.001401004610069341,0.00044474463411522144,0.2868489122675491,0.2701797180793813,0.11357628123713225,0.0011679581362110546,0.001963241078068323,0.011075590085801362,0.10574339865705756,0.013560237475562537,0.0,0.0,0.0,0.0010204150233788904,0.0013142625939682234,0.0004253893670786007,0.0001679960964391799,0.01739845841575577,0.005956629056632956,0.013228493155002236,0.0
전라남도,장흥군,  면적(㎡)  ,622443615.4800001,2697998.52,55256.45,196241.97999999998,1757863.3400000003,0.0,189955.13,0.0,72063.6,86484.60999999999,22391194.41,775.3,16518.39,134028.66,1722001.01,68480205.69000001,10788322.899999999,7737889.450000001,25213540.72,2007927.0200000005,2085350.82,2375739.38,238258.15000000002,151041420.11999997,163630814.70999998,40715492.68,850155.04,382086.96,5743833.510000001,61999406.57,9836163.020000001,74837.61,0.0,969582.5,525555.05,8512815.260000002,80808.59,72912.70000000001,11652870.95,3784748.6099999994,14290393.469999997,32102.6
전라남도,장흥군,  비율(%)  ,1.0,0.004334526779456845,8.87734224045157e-05,0.00031527671763275636,0.0028241326544002163,0.0,0.0003051764453451985,0.0,0.00011577530591976246,0.00013894368557914599,0.035973048567190996,1.2455746684816166e-06,2.653797000915781e-05,0.00021532658809046216,0.0027665172670653412,0.11001832774393741,0.01733220910568829,0.012431470510036308,0.040507348927591565,0.003225877766376604,0.0033502646153609796,0.0038167945190793516,0.0003827786872169396,0.24265879890747005,0.26288455795922233,0.06541233883265406,0.0013658346215735528,0.000613849914269507,0.009227877621606928,0.09960646238163899,0.01580249644365747,0.00012023195055553529,0.0,0.001557703341936124,0.0008443416189508442,0.013676444015632333,0.00012982475519117358,0.00011713944554443387,0.01872116712292701,0.006080468199647889,0.022958534901157106,5.1575113314069316e-05
전라남도,강진군,  면적(㎡)  ,501798102.02999985,2630709.23,57330.64,195471.20999999996,1563443.0799999998,0.0,198676.83,0.0,45176.350000000006,107431.49,20641788.849999994,1938.53,14990.780000000002,138416.2,2311711.14,84208437.91000001,9613274.59,9095481.67,21130781.55,2424286.57,2236630.35,1686612.25,188315.81999999998,100624585.36,110281811.88999999,37109724.199999996,717434.4,510517.74,6302180.94,52375145.52,8171118.030000001,892895.4400000001,0.0,620532.65,319993.41000000003,6367943.7,188172.44,47571.770000000004,7175319.690000001,3378541.1900000004,8189766.890000001,33941.73
전라남도,강진군,  비율(%)  ,1.0,0.005242565126009033,0.00011425041220377614,0.0003895415490995894,0.003115681533419849,0.0,0.00039592981558970135,0.0,9.00289375691962e-05,0.00021409305767676508,0.04113564552455388,3.8631672622071925e-06,2.9874126544830542e-05,0.000275840421556088,0.004606855089025018,0.16781338464481804,0.019157654345662058,0.018125779338751324,0.04211012649214186,0.004831199161959095,0.004457231585675236,0.0033611371648814376,0.0003752820491711257,0.20052803100077127,0.2197732742389026,0.07395349653550783,0.001429727209205563,0.0010173767854735306,0.012559196446747873,0.10437493746612213,0.016283676635970006,0.0017793918238985659,0.0,0.0012366181687209763,0.0006376935438884329,0.01269025066902165,0.0003749963167233147,9.48026104673388e-05,0.014299216479641103,0.006732869606983917,0.016320840706389075,6.764021199500432e-05
전라남도,해남군,  면적(㎡)  ,1048159110.47,4670741.68,94882.12999999999,271543.76999999996,2957026.19,0.0,315360.08,0.0,201241.82,49790.58,44655068.279999994,3377.34,26774.199999999997,168123.31,7133816.58,196959515.58,31600800.539999995,58848399.74,78810943.55999999,6979055.9,3095623.5199999996,2393964.41,523819.64999999997,129130324.48000002,197048310.78,31263082.310000002,2701420.07,1060801.62,11093086.440000001,102732849.26,15616937.49,293742.75,285555.48,1811429.4400000002,211934.31,13455992.14,780914.05,113862.02000000002,18556622.47,8788962.05,73214549.68,238864.77000000002
전라남도,해남군,  비율(%)  ,1.0,0.0044561380360521935,9.052264017192423e-05,0.00025906731839428303,0.0028211615588343776,0.0,0.0003008704278290258,0.0,0.00019199548807982228,4.750288339112336e-05,0.042603329813139176,3.222163473335249e-06,2.5544022594045197e-05,0.00016039865352562038,0.0068060435755800085,0.18790994002015815,0.03014885834062925,0.05614452915799403,0.07518986647424239,0.006658393587659182,0.0029533908440789163,0.0022839704259466236,0.0004997520364681241,0.12319725430053964,0.18799465540269217,0.029826657038721414,0.0025772996132129872,0.001012061632059212,0.010583399341943231,0.09801264734886868,0.014899395839814132,0.0002802463357574445,0.00027243524112666005,0.0017282008255290037,0.0002021966969356089,0.01283773809299455,0.000745033881020062,0.00010863047304806966,0.017704012954368267,0.00838514111284019,0.06985060660033783,0.00022788979994925752
전라남도,영암군,  면적(㎡)  ,611621046.8000001,2896383.2300000004,181326.73999999996,4442943.22,2355137.48,0.0,419184.0399999999,575.5,325849.42,145817.75,37930990.46,3700.7699999999995,81023.29000000001,197445.7,3757161.5899999994,117181022.55999999,26906874.5,22993324.560000002,51572676.03,6050687.7299999995,10518783.91,2648439.4399999995,290987.06999999995,65976157.95,63253190.14,47649754.22,1102903.69,2413501.08,7693062.36,68135549.5,9553308.830000002,2214.06,9239.15,176289.13,236419.16,5210524.06,300196.95999999996,106922.45000000001,13413752.799999999,19593146.080000002,15632353.560000002,262226.63
전라남도,영암군,  비율(%)  ,1.0,0.004735584632271683,0.00029646909789762967,0.007264209175347167,0.0038506481951889556,0.0,0.0006853656233597092,9.409421127853835e-07,0.0005327635824581959,0.00023841192313920218,0.06201714388092898,6.050756460004802e-06,0.00013247302463496584,0.00032282358665228325,0.006142956671712755,0.19159089304249882,0.04399272170370314,0.03759407018496343,0.08432129060932113,0.00989287036745577,0.017198204615479232,0.004330196702446112,0.0004757636636646885,0.10787097385740257,0.1034189233201515,0.07790731608943709,0.0018032467910814867,0.003946072641920078,0.012578151782464134,0.11140157758874558,0.015619653509281428,3.6199866103103495e-06,1.510600403360743e-05,0.0002882326089370932,0.00038654516752970573,0.008519203332294481,0.000490821827617983,0.00017481813380919122,0.021931476802802524,0.032034780657911134,0.025558887552657714,0.000428740363615623
전라남도,무안군,  면적(㎡)  ,456954636.39,3427471.5999999996,301910.33,536623.12,2487865.21,0.0,361755.73,34909.41,54238.01,280822.33,30820188.36,5773.37,51602.189999999995,283619.83,2657219.83,73985505.93,8981707.14,43569966.88,51923760.26,3780958.62,1988606.42,2164799.39,220566.97,27490706.019999992,57542964.27,30534607.75,804132.9800000001,1124528.98,7196383.06,54508901.13,6742864.83,230863.81,801597.4,1638739.9300000002,132953.86000000002,696763.2100000001,40002.15,81073.79,10359713.879999999,22849933.490000002,6056766.619999999,201268.3
전라남도,무안군,  비율(%)  ,1.0,0.0075006824026942,0.0006607008791619452,0.0011743465921243107,0.005444446804729794,0.0,0.0007916666145635734,7.639578903452824e-05,0.00011869451731245624,0.0006145518781000502,0.06744693215826285,1.2634448893243235e-05,0.00011292628609190595,0.0006206739300002139,0.005815062630707451,0.161909957877865,0.019655577216497102,0.0953485606891054,0.11363001078226131,0.008274253763721616,0.004351868351113022,0.004737449229319987,0.000482688985809417,0.06016068955373794,0.12592708266316494,0.0668219672552779,0.0017597654470753452,0.002460920385629354,0.015748572148982544,0.11928733574218064,0.01475609238428894,0.0005052226011401341,0.0017542165811747132,0.003586220161691005,0.0002909563650570492,0.0015247973310972803,8.754074653016347e-05,0.00017742196608506544,0.02267120859489043,0.05000481813800468,0.013254634350248045,0.00044045575637451735
전라남도,함평군,  면적(㎡)  ,389928807.0199999,2774906.79,29475.120000000003,504732.37,1474181.45,0.0,272641.92,0.0,9815.39,139822.08000000002,21600536.650000002,3426.7,23370.69,99483.76,1153533.0999999999,65839870.410000004,10133640.36,12815419.53,29836008.98,3178162.03,1419892.7100000002,2329877.22,353342.05999999994,52618926.980000004,69492675.36,29440533.46,845389.3999999999,1361198.77,6800972.739999999,50551604.010000005,5420634.919999999,4883.96,0.0,154770.84,136166.03,361831.34,193680.81,74274.73000000001,8688752.56,3490373.96,6295434.23,4563.6
전라남도,함평군,  비율(%)  ,1.0,0.007116444694627734,7.55910296170762e-05,0.0012944218557674086,0.0037806425774651407,0.0,0.0006992094841200482,0.0,2.5172261764944585e-05,0.0003585836118869473,0.05539610375309379,8.7880144742018e-06,5.9935787198203305e-05,0.0002551331376624794,0.0029583172087637877,0.1688510036310885,0.025988437318713496,0.03286604964619267,0.07651655492708871,0.00815062127440353,0.0036414152646259148,0.0059751348914328815,0.0009061706999808213,0.13494495926611833,0.17821888023891405,0.07550232998940742,0.002168060899272412,0.0034908905048663987,0.017441575532661707,0.12964316331572587,0.01390160158062384,1.2525260796516364e-05,0.0,0.00039692076403080833,0.00034920741311891807,0.0009279420588729195,0.0004967081336723754,0.00019048279753332092,0.022282920378217514,0.008951310847420858,0.01614508627385691,1.1703674921781113e-05
전라남도,영광군,  면적(㎡)  ,480376529.44000006,2947617.5900000003,129758.39000000001,306876.59,1848732.4900000002,0.0,325995.28,2121.8,74828.5,0.0,25284333.660000004,2618.4299999999994,14574.44,149688.99,4717761.11,86851846.77000001,15069626.740000002,14341599.55,42339977.650000006,2747993.3500000006,2016546.72,1801251.72,427779.95999999996,53516391.440000005,85529898.05000001,38296644.70000001,2799969.4799999995,406360.01,6393396.99,52289498.2,7101013.100000001,63002.34000000001,3857198.6900000004,1456685.23,601648.7899999999,2608872.55,277046.15,80551.12,8870666.360000001,3827162.9099999997,10669725.27,329268.33
전라남도,영광군,  비율(%)  ,1.0,0.006136056633400036,0.00027011808872358134,0.0006388251115385301,0.0038485071120255687,0.0,0.0006786244956222772,4.416951849153606e-06,0.00015577051628070065,0.0,0.05263440678393524,5.450786704863453e-06,3.0339617168620173e-05,0.0003116076261562992,0.009820965057347286,0.18079952172361072,0.03137044758945124,0.029854913117255646,0.08813914722136389,0.005720498778746496,0.0041978460570311245,0.0037496663754572127,0.0008905097018346949,0.11140509196481113,0.178047620581519,0.0797221395155263,0.005828697507898793,0.0008459197839530483,0.013309136891956641,0.10885106785078903,0.01478218161132481,0.0001311519946102386,0.008029531947567335,0.003032382185070811,0.0012524525099121167,0.005430890957643785,0.0005767270734957996,0.00016768329646309454,0.018466069460847723,0.007967006453170231,0.022211171062912365,0.0006854380050246112
전라남도,장성군,  면적(㎡)  ,518047038.64,2539738.1799999997,110974.12000000001,1053151.37,1593945.55,0.0,194610.53,0.0,0.0,551866.3300000001,24645891.669999994,3858.75,18952.670000000002,127332.59,1295209.88,41299540.78,12534017.020000001,7894329.860000001,30496471.100000005,3897892.2599999993,10154229.950000001,751047.52,388109.38000000006,126539540.76,128318683.26,30559744.1,863154.2499999999,727288.1299999999,6636179.550000001,53589169.18,4984555.340000001,0.0,0.0,0.0,132385.43,465833.36,397679.33999999997,96274.81,10485394.920000002,3021424.65,11678562.05,0.0
전라남도,장성군,  비율(%)  ,1.0,0.004902524270126962,0.00021421630030225475,0.002032926146561478,0.0030768355595362467,0.0,0.0003756618906864137,0.0,0.0,0.0010652822790933889,0.04757462128285007,7.448647926123005e-06,3.658484381988823e-05,0.00024579349074995034,0.0025001781371055457,0.07972160383045791,0.024194746972986965,0.01523863524193584,0.05886815062211472,0.007524205273391618,0.019600980591757335,0.00144976703654495,0.0007491778758525133,0.2442626466743198,0.24769697284028086,0.0589902881796734,0.0016661696441041159,0.0014039036530530294,0.012809994180106874,0.10344460093949125,0.00962181996655299,0.0,0.0,0.0,0.00025554712241487583,0.0008992105450943727,0.0007676510245942248,0.0001858418306043113,0.020240237155928396,0.005832336495797713,0.022543439454183696,0.0
전라남도,완도군,  면적(㎡)  ,404287767.0300001,3038974.59,68724.82999999999,237498.28,1951779.22,0.0,249938.16,0.0,930863.0300000001,0.0,17989066.919999998,2516.41,43442.439999999995,131986.49,1514225.13,16298212.389999999,5706269.71,3077451.61,35761151.91,695040.3400000001,2875168.0200000005,2198576.14,116238.12,84238311.07,127676996.50999999,25194516.189999998,578158.31,0.0,5428486.13,33937954.12,2070831.99,35745.33000000001,134487.44,3129741.7300000004,206427.16,15598569.73,345314.41,85939.51999999999,7422018.37,346139.22,4852951.899999999,118054.16
전라남도,완도군,  비율(%)  ,1.0,0.007516860112600175,0.00016998988246631828,0.0005874485932253708,0.004827697939856708,0.0,0.0006182184581940452,0.0,0.0023024763693404696,0.0,0.04449569931871108,6.2243040853948725e-06,0.00010745425299196935,0.0003264666922019581,0.0037454141665573502,0.040313394861612506,0.014114376380763871,0.0076120324703557955,0.08845469694200851,0.0017191723239759187,0.007111686908366558,0.005438146585911552,0.00028751332461507444,0.2083622556498206,0.31580722179141707,0.06231827486417724,0.001430066297200375,0.0,0.013427282675107951,0.083945043327224,0.005122173260924648,8.841556167428518e-05,0.00033265275619883,0.007741371333077606,0.0005105946230242532,0.03858283876504854,0.0008541302462272523,0.00021257017156698404,0.018358256111788936,0.000856170401946183,0.01200370700219551,0.00029200527353883505
전라남도,진도군,  면적(㎡)  ,451888190.03000003,2237720.5100000002,40797.310000000005,62512.36,1238765.23,0.0,194654.88,0.0,397626.13,0.0,17853652.29,4452.13,12063.41,82505.77,1494284.9700000002,55350239.13000001,3478863.27,11952717.03,36926590.2,1607192.4299999997,726222.86,613818.27,108038.79000000001,79080175.00999999,116334848.68999998,31196337.250000004,1492728.0499999998,0.0,5364329.72,39961360.78999999,5127911.0,59125.759999999995,64229.82,2717053.06,146972.51,13541362.62,167794.58000000002,57895.85,6541762.600000001,3803066.88,10381015.19,1467503.68
전라남도,진도군,  비율(%)  ,1.0,0.004951934038929944,9.02818681702913e-05,0.00013833590117911672,0.002741309149765035,0.0,0.0004307589450104399,0.0,0.000879921491140546,0.0,0.03950900396138861,9.852282264124742e-06,2.669556378359685e-05,0.00018258005369541213,0.0033067581825955606,0.12248658042230626,0.00769850451229771,0.02645060723805701,0.08171620992694789,0.003556615254524136,0.0016070852835339364,0.0013583410311281863,0.00023908301297457567,0.1749994285195858,0.25744166644912037,0.06903552236655916,0.003303312817050829,0.0,0.011870922582959895,0.08843196541017598,0.011347742899984989,0.00013084156945122806,0.00014213653159587087,0.006012666672744025,0.0003252408742752112,0.02996617950803497,0.00037131879899065395,0.00012811985636570054,0.014476507119085597,0.008415946607826864,0.022972530415788964,0.0032474928807114324
전라남도,신안군,  면적(㎡)  ,678984824.8100002,3120378.0700000003,12108.710000000001,157686.01,2181383.59,0.0,282301.28,0.0,409131.01,0.0,25058214.35,5442.679999999999,54051.2,131921.31,8869630.499999998,75644678.42,13787670.26,22708220.69,63543991.9,1825279.1599999997,1056390.5099999998,665134.8999999999,195452.72,56748146.620000005,144988914.22,76001450.21000001,7636057.74,0.0,5199568.639999999,58841800.43000001,7121915.980000001,303241.32,20118989.910000004,7413476.279999999,1172793.12,26774292.589999996,0.0,53283.23000000001,15069129.189999998,8075922.620000001,23538575.439999994,218199.99999999997
전라남도,신안군,  비율(%)  ,1.0,0.004595652150065612,1.7833550261433858e-05,0.00023223790022718868,0.003212713318902841,0.0,0.0004157696456308816,0.0,0.000602562818859003,0.0,0.03690541148252028,8.015908163371723e-06,7.96059028493385e-05,0.00019429198588777805,0.013063076192434757,0.11140849641399216,0.020306301048566427,0.03344437145020793,0.09358676302932317,0.0026882473559122124,0.0015558381739910149,0.0009796020112616275,0.0002878602184587754,0.083577930678907,0.21353778305807075,0.11193394525609233,0.01124628631006119,0.0,0.007657856921110115,0.08666143672130767,0.010489065027326527,0.00044660986360756414,0.029630986105808603,0.010918471236930084,0.001727274420791631,0.039432829146796064,0.0,7.847484664316352e-05,0.022193617057961173,0.01189411357206677,0.034667307103051645,0.00032136211595164694
경상북도,포항시 남구,  면적(㎡)  ,396853388.87000006,2367147.2800000003,1284510.84,14322204.21,3330090.67,0.0,504793.16,0.0,997575.64,93215.0,28711489.28,5009.14,76538.65999999999,507619.63,1186433.3699999999,7876160.829999999,9032694.6,1825196.4000000001,16084433.44,1722810.8,608774.5,332596.25,13035.24,124764963.25000001,75275569.13,46126332.85,156891.27000000002,26227.27,1708702.98,31602092.139999997,2325703.0600000005,0.0,0.0,593026.1599999999,1150065.42,439207.99,171898.04,251022.19,15417099.67,2569419.37,1879651.05,1513188.0899999999
경상북도,포항시 남구,  비율(%)  ,1.0,0.005964790389569844,0.003236738997385193,0.036089408864016584,0.008391236570971706,0.0,0.0012719890371538655,0.0,0.0025137132955837817,0.00023488523120697116,0.07234784957173496,1.262214243467347e-05,0.00019286381859541654,0.0012791112391540755,0.0029896012060732276,0.019846525318648712,0.02276078484732028,0.004599170502731657,0.040529913290645696,0.0043411769895817945,0.0015340035314639088,0.0008380834316346252,3.2846487810313346e-05,0.3143855306496327,0.1896810541150715,0.11623015991205235,0.0003953381132683081,6.608805855149556e-05,0.004305627790820583,0.07963165497964818,0.005860358321802934,0.0,0.0,0.0014943205139020786,0.002897960436408758,0.0011067260663959564,0.0004331525062428276,0.0006325313000722013,0.038848350807583205,0.006474480102881727,0.004736386541518813,0.003812965020428955
경상북도,포항시 북구,  면적(㎡)  ,737631289.1500002,2508153.2899999996,1206897.71,1256652.73,3937882.420000001,0.0,553415.6400000001,0.0,900455.7,342692.41000000003,30057162.159999996,2942.63,39453.909999999996,437617.65,957150.26,36307603.98,14972056.180000002,5813377.06,26795940.169999998,1631631.36,11480617.409999998,808683.9700000001,60589.630000000005,278870471.14,156007995.3,70646655.49000001,2416361.1500000004,935340.3899999999,2844262.5700000003,47890350.45,7485237.129999999,0.0,0.0,715872.3300000001,1107071.17,508507.46,57786.79,356646.20999999996,21498192.240000002,991016.7,5094879.970000001,133666.38999999998
경상북도,포항시 북구,  비율(%)  ,1.0,0.003400280501780554,0.001636180199718416,0.0017036326257907082,0.0053385512218953836,0.0,0.0007502605273668928,0.0,0.0012207395662914846,0.0004645849695379614,0.040748220150254165,3.989296608324331e-06,5.3487305352060367e-05,0.0005932742502074214,0.0012975998633449506,0.04922188702412365,0.020297479784585678,0.007881142171584083,0.036327011291614204,0.0022119877288288422,0.01556416814046695,0.001096325470319835,8.214080786868419e-05,0.3780621500768395,0.21149861400236125,0.09577502544856627,0.0032758387361583627,0.001268032421832088,0.0038559407821183254,0.06492451059822289,0.010147667595046726,0.0,0.0,0.0009705015778613814,0.0015008462714152472,0.0006893789180038336,7.834102328629504e-05,0.00048350200872169694,0.029144902820992264,0.0013435122866628734,0.006907082230569447,0.000181210303801007
경상북도,경주시,  면적(㎡)  ,1321682260.4199994,6471035.45,1227042.84,7209505.4799999995,6703435.52,0.0,1193327.08,0.0,105938.15,1385056.08,61729795.32999999,12409.95,156178.92,495203.59,2369670.2299999995,61605325.53000001,52630342.88,9927904.909999996,55777719.92,5308075.27,8147752.899999999,2867450.38,145355.31,406446882.8799999,345903880.43,76201025.11999999,980410.62,4763711.34,9304197.470000003,118790300.06,19654668.889999997,0.0,0.0,496187.39999999997,2386914.340000001,495766.6099999999,495831.01999999996,330095.99,31085895.539999995,5869626.050000001,12886128.07,122212.87
경상북도,경주시,  비율(%)  ,1.0,0.004896059850227284,0.0009283947259835922,0.0054547947686828975,0.005071896416215654,0.0,0.0009028849941746127,0.0,8.015402277271646e-05,0.0010479493608092025,0.046705473152362446,9.38951090714981e-06,0.00011816676721557119,0.00037467673194209027,0.0017929197515649295,0.04661129787005183,0.03982072276832658,0.007511567043992209,0.04220206443738994,0.004016150801867628,0.006164683558218324,0.002169545938438178,0.00010997749939823625,0.30752238647043706,0.26171485446137405,0.05765457205711841,0.000741789951609435,0.0036042787912476068,0.007039662821110536,0.0898781073313727,0.014870948546857403,0.0,0.0,0.0003754210939037067,0.0018059668435297723,0.00037510271934985116,0.0003751514526966841,0.00024975442274234903,0.02351994611028647,0.004441026580877898,0.009749792711831582,9.246766311379835e-05
경상북도,김천시,  면적(㎡)  ,1005537201.5,4645508.58,452038.81999999995,2250251.2199999997,3748960.46,0.0,459195.9499999999,0.0,0.0,1104659.1600000001,36963110.05,6645.7,50587.82,297549.4200000001,2473673.14,30613727.91,13887318.470000003,11205264.839999998,52465930.61,12859605.97,41687754.52,1984279.48,167990.44999999998,379946843.59,166023530.95,104338068.36000001,827886.8199999998,615051.9299999999,8922293.81,82951864.89,8463526.209999999,0.0,0.0,0.0,7627843.589999999,637779.5500000002,721873.48,276814.94000000006,19168690.940000005,3409155.6799999997,4281924.1899999995,0.0
경상북도,김천시,  비율(%)  ,1.0,0.004619927112661878,0.00044954957342769177,0.0022378597396925846,0.0037283160229253836,0.0,0.0004566672911902205,0.0,0.0,0.0010985761226458214,0.036759564931919626,6.609104059090348e-06,5.0309247558952696e-05,0.00029591090171117863,0.0024600513400299096,0.030445146996383902,0.013810845038138553,0.011143560698982253,0.05217701595896648,0.012788791852570758,0.04145819215620537,0.0019733526288634286,0.00016706537535299731,0.3778545866062619,0.16510928755528492,0.10376350890285785,0.0008233278875858675,0.0006116650175473393,0.008873161327786042,0.08249507304777724,0.008416920027796704,0.0,0.0,0.0,0.0075858392694186155,0.0006342674831409508,0.0007178983322776646,0.00027529060047411886,0.019063134522924963,0.003390382449216624,0.004258344876363084,0.0
경상북도,안동시,  면적(㎡)  ,1528418447.1400003,4468447.779999999,584683.1000000002,579396.15,3960268.8499999996,0.0,631062.9099999999,0.0,1464.94,532060.6499999999,43749978.56999999,3122.64,57859.899999999994,414282.55999999994,2612650.9099999997,32283853.389999997,22143033.090000004,18465363.040000003,90657702.52999999,5459712.27,28518813.11,2347743.1700000004,149729.67,361743408.73,565946573.3400002,94961966.59,698948.0499999999,851731.4100000001,13950287.419999998,96282810.15999997,20144775.17,0.0,0.0,0.0,6295039.619999999,10790493.780000001,595363.49,378041.2,33533075.98,15391915.69,49232787.28,0.0
경상북도,안동시,  비율(%)  ,1.0,0.002923576189728295,0.0003825412478461432,0.00037908214931858147,0.002591089408408093,0.0,0.00041288621658607585,0.0,9.584678873388489e-07,0.0003481119002427639,0.028624346069537183,2.0430530695590145e-06,3.785605971209541e-05,0.0002710531011812974,0.0017093819528865486,0.021122391875346723,0.01448754634663981,0.012081353162514276,0.059314713650335776,0.003572131885882623,0.01865903487579912,0.0015360604776742475,9.796379406449616e-05,0.23667825352860647,0.37028248016700394,0.062130869178983195,0.00045730150097827077,0.0005572632361208233,0.009127269725188143,0.06299505893832008,0.013180143963647658,0.0,0.0,0.0,0.004118662419823166,0.007059908103171181,0.00038952911822940446,0.00024734142715131214,0.021939722098190843,0.010070485421581756,0.03221158928834256,0.0
경상북도,구미시,  면적(㎡)  ,613885226.6400001,2929682.0999999996,2223388.58,7934483.59,5235316.33,0.0,842352.7200000001,0.0,0.0,164265.95,48273243.29,7340.31,265026.55999999994,674934.78,1490968.2399999998,50841497.43,17272011.59,8120493.03,26079538.480000004,3302827.639999999,4869158.51,2667575.4100000006,96630.72,123217244.96,142121641.22000003,44003031.07,830950.8,1207906.6899999997,6657044.82,60291177.17000002,7393600.1,0.0,0.0,0.0,2537148.5,1882798.94,260608.81000000003,546194.0800000001,18961577.830000002,17467952.889999993,3215613.4999999995,0.0
경상북도,구미시,  비율(%)  ,1.0,0.004772361302836905,0.003621831058175731,0.01292502775059125,0.00852816797474447,0.0,0.001372166462793834,0.0,0.0,0.0002675841393008962,0.07863561655362789,1.1957137395496518e-05,0.0004317200487957322,0.0010994478295139054,0.002428741033825768,0.08281922291610205,0.02813557134211474,0.013228031360920973,0.042482759558724145,0.005380203817702999,0.007931708239096318,0.0043453976317373464,0.00015740844673668459,0.20071707155164709,0.23151174690728343,0.07167957324994341,0.0013535930886430883,0.001967642545515028,0.01084411960267596,0.09821245821469571,0.012043945316077493,0.0,0.0,0.0,0.004132936239379249,0.003067021094977624,0.0004245236710230013,0.0008897332209629862,0.030887822360187885,0.02845475364443605,0.005238134687814743,0.0
경상북도,영주시,  면적(㎡)  ,673253672.4999999,3188057.6,387130.5399999999,845131.96,2775689.8,0.0,341340.7,0.0,0.0,726801.37,27134475.35,3170.1899999999996,29840.79,237950.54,2520956.3200000003,24296980.729999997,11960126.53,12329957.55,50127160.440000005,1347656.6800000002,33975563.010000005,2412685.8100000005,68560.84000000001,187856047.96000004,195480075.94,28200134.660000008,460997.25999999995,49950.05,3896222.06,49070166.39999999,4759229.540000001,0.0,0.0,0.0,2833264.1999999993,130077.54,233924.15000000002,218999.42,14824196.590000002,8987291.11,1543858.87,0.0
경상북도,영주시,  비율(%)  ,1.0,0.004735299234479855,0.0005750143754321667,0.0012552949868981221,0.004122799344997261,0.0,0.0005070016160959004,0.0,0.0,0.0010795356931380127,0.040303493999878634,4.708760055074189e-06,4.4323248752868864e-05,0.0003534337051833907,0.003744437532199278,0.03608889445753451,0.017764665858543832,0.018313984837565075,0.07445508652609692,0.0020017071351363484,0.05046472733500018,0.003583620719127976,0.00010183507762447449,0.2790271418237233,0.2903512953952732,0.041886343605500365,0.0006847304052396388,7.419202009625876e-05,0.00578715307342048,0.07288510765605961,0.007068999003492256,0.0,0.0,0.0,0.004208315996969181,0.00019320732335106574,0.00034745321051330775,0.0003252851472562893,0.022018738546130998,0.013349041345184791,0.002293131004049592,0.0
경상북도,영천시,  면적(㎡)  ,916102407.8799998,3673527.48,256575.71999999994,3087855.01,4432984.16,0.0,359845.36999999994,0.0,0.0,650824.4600000001,36228466.88999999,11255.56,64049.020000000004,214119.46000000002,1691255.8699999999,21862468.200000003,10046706.61,20962347.93,39412026.449999996,2429640.8400000003,54012503.75000001,1942344.19,53254.87999999999,252087288.67999998,258243479.35,72605795.92,1791483.67,1501887.7899999998,9340935.07,66243268.84,11495575.53,0.0,0.0,0.0,627579.74,441309.54,373532.68,214264.17000000004,18416038.689999998,5301415.09,16026501.27,0.0
경상북도,영천시,  비율(%)  ,1.0,0.004009952870335862,0.00028007318591570475,0.0033706439186703655,0.004838961367057859,0.0,0.0003928003757055249,0.0,0.0,0.0007104276273065441,0.03954630680846934,1.2286355655419656e-05,6.991469452440276e-05,0.0002337287383574343,0.0018461428061452465,0.023864655317949745,0.01096679424001254,0.0228821011163043,0.043021419997361886,0.002652149824191117,0.05895902388794409,0.002120226050376704,5.8132016182819426e-05,0.27517369948122755,0.28189368036660295,0.07925510870342635,0.0019555495702120963,0.001639432204392516,0.010196387423122644,0.07230989490934425,0.012548352052258556,0.0,0.0,0.0,0.0006850541321600878,0.00048172511741482847,0.00040774118350415803,0.00023388670104670928,0.0201025982811436,0.0057869240866512735,0.01749422458902576,0.0
경상북도,상주시,  면적(㎡)  ,1252774151.1599998,5473682.4,229380.19999999998,533860.36,4285562.11,0.0,452716.27999999997,0.0,0.0,369047.53,42710012.24000001,7678.3,56787.770000000004,263701.44,3712112.5700000003,92612422.97,30429622.769999996,18004544.970000003,54805487.48000002,6903355.65,55671126.19,3690491.289999999,124397.03000000003,423762506.63,264963896.78999996,59379319.29999999,1721745.3000000005,662433.94,14296435.53,96811760.24,16740087.61,0.0,0.0,0.0,3210570.88,7234424.48,453995.11,317792.0799999999,24104750.990000006,13365990.940000001,5412451.789999999,0.0
경상북도,상주시,  비율(%)  ,1.0,0.004369249153913075,0.00018309780720459994,0.0004261425409405795,0.0034208577068993687,0.0,0.00036137102571984713,0.0,0.0,0.00029458424701553934,0.03409234793075264,6.129037698367513e-06,4.5329615036690894e-05,0.00021049399826443337,0.002963113955187205,0.07392587313862278,0.024289791373667664,0.014371740471599599,0.043747300684048404,0.00551045505178078,0.04443827815129455,0.0029458552338287054,9.929725153158311e-05,0.3382592993618357,0.21150172722246702,0.04739826348190375,0.0013743461248827327,0.0005287736336087575,0.011411821928766878,0.07727790372299559,0.013362414601626,0.0,0.0,0.0,0.002562769096909597,0.005774723619018897,0.00036239182424032735,0.00025367068733477775,0.0192410986191568,0.010669114562767623,0.004320373137479223,0.0
경상북도,문경시,  면적(㎡)  ,914819757.08,3251635.89,182860.83,562427.6299999999,2269997.7,0.0,432476.81999999995,0.0,0.0,379196.68,24769857.05,1986.22,53131.71000000001,159864.52,1479968.5899999999,33332061.169999998,10786228.48,12654310.500000002,36533772.529999994,1397194.6600000001,20259881.060000002,1463799.3899999997,104492.75,382779945.4000001,196693369.87000003,81629635.35000002,371864.7699999999,371445.06000000006,7021470.77,53079401.51,8686070.159999998,0.0,0.0,0.0,2409630.8,8826108.13,405296.69,261099.32,14274597.620000001,5233823.100000001,2700854.35,0.0
경상북도,문경시,  비율(%)  ,1.0,0.003554400596221107,0.00019988727679392368,0.000614796112181928,0.002481360598557221,0.0,0.0004727453868950278,0.0,0.0,0.00041450425295836676,0.027076215678881434,2.1711599302793665e-06,5.8078883396211666e-05,0.000174749745797215,0.0016177706903968605,0.036435659496896006,0.011790550429768162,0.013832572375121316,0.03993548701507236,0.001527289555332392,0.022146309044163218,0.0016000959518761159,0.00011422222704670142,0.4184211615868353,0.21500778524703354,0.08923029341927691,0.00040648965779548714,0.0004060308679663961,0.007675250469460488,0.05802170438406728,0.00949484321121894,0.0,0.0,0.0,0.002633995146422357,0.00964792032713846,0.00044303447412817213,0.0002854106702214206,0.015603726864801087,0.005721152237360685,0.002952334958987788,0.0
경상북도,경산시,  면적(㎡)  ,411263892.09999996,2518953.7700000005,1375857.4,4444309.08,5132797.34,0.0,681097.8999999999,0.0,0.0,680950.19,35381143.809999995,3418.2699999999995,108088.42000000001,799546.9400000001,1067034.4900000002,10959338.53,2318611.21,13051122.069999998,21014926.63,3318291.7900000005,36664315.69,1223877.9200000002,159041.32,88542345.11999999,81606763.11,35436654.8,767597.25,1256451.87,5264815.22,30444965.02,4245514.15,0.0,0.0,0.0,134823.03,209602.92,844918.0700000001,295159.5,12129942.86,2986821.6999999997,6194794.710000001,0.0
경상북도,경산시,  비율(%)  ,1.0,0.006124908649620789,0.0033454368993460198,0.010806465545288751,0.012480544581219753,0.0,0.0016561091627134363,0.0,0.0,0.0016557500015936847,0.08603027031946917,8.311621967456452e-06,0.0002628201066912969,0.0019441214153699347,0.0025945250981103582,0.02664794731684153,0.005637769944160873,0.031734179247680176,0.05109839943082132,0.008068522069992833,0.08915033970715078,0.002975894415993152,0.0003867135507274941,0.21529326260052675,0.19842919516541727,0.08616524689063507,0.0018664348238316933,0.0030550989137030546,0.012801549859183468,0.0740278094061251,0.010323089946752953,0.0,0.0,0.0,0.00032782608099039584,0.0005096555375423877,0.002054442624869571,0.0007176888262493784,0.029494305464216563,0.007262542998240521,0.015062821776957067,0.0
경상북도,의성군,  면적(㎡)  ,1170556421.5100002,3582095.9100000006,69040.51999999999,417070.99000000005,3225114.8100000005,0.0,193261.25999999998,0.0,0.0,440131.22,32629375.729999997,5155.4,33166.39,109241.31,2789075.8900000006,77665417.88999999,16416963.710000003,24819137.219999995,45697882.67000001,2430489.4399999995,47793463.75000001,1809853.1799999997,85196.74999999999,259031786.80999997,398045663.57,107953189.02,978217.1999999998,636049.38,13128125.899999999,80601935.94000001,14040192.15,0.0,0.0,0.0,3836775.76,1019391.96,140629.25,208314.62,13907076.89,7734031.750000002,9083907.270000001,0.0
경상북도,의성군,  비율(%)  ,1.0,0.0030601651011227214,5.898094165417396e-05,0.00035630148392333343,0.002755198084206527,0.0,0.00016510204587207839,0.0,0.0,0.00037600171329822555,0.027875098654286643,4.404230249191757e-06,2.8333867031557398e-05,9.3324258440341e-05,0.0023826924005953807,0.06634914512690705,0.014024923026625547,0.021202854269923768,0.039039453229473914,0.0020763539418840694,0.04082969677646735,0.001546147752250435,7.278312128696663e-05,0.2212894500855011,0.34004825077677764,0.09222382367587374,0.0008356856466073752,0.0005433735344251974,0.011215286729250448,0.0688577965648377,0.011994459978177184,0.0,0.0,0.0,0.0032777367152030286,0.0008708610206802331,0.00012013880528594288,0.00017796204964753195,0.011880740333780818,0.006607141362757394,0.0077603326956951785,0.0
경상북도,청송군,  면적(㎡)  ,847693848.25,1667718.71,43940.030000000006,74617.67,1317692.3,0.0,141762.31,0.0,0.0,0.0,14604022.329999998,3248.86,14434.41,69066.01999999999,901021.7900000002,8627352.36,2767308.1500000004,11282103.69,35986437.47,514632.76,29920970.69,246922.24,31321.899999999998,302695085.77,269901486.62,97080110.33999999,716858.1100000001,0.0,2554258.6,33092304.909999996,10127924.83,0.0,0.0,0.0,1908248.78,1340812.84,33484.380000000005,85260.63,10672170.62,5215543.54,4055724.59,0.0
경상북도,청송군,  비율(%)  ,1.0,0.0019673596941193797,5.183478692302756e-05,8.802431462024001e-05,0.0015544436269300248,0.0,0.0001672329111419855,0.0,0.0,0.0,0.017227944216121067,3.832586501255172e-06,1.702785743909638e-05,8.147519312848804e-05,0.0010629094358300367,0.010177438915960658,0.0032645136634091416,0.013309172543001287,0.042452163058976165,0.0006070974338936404,0.035296906721417866,0.00029128704957544796,3.6949542649933934e-05,0.3570806682092729,0.318395004490349,0.11452260806235005,0.0008456568506187695,0.0,0.0030131852499261074,0.03903803829450522,0.011947621008349106,0.0,0.0,0.0,0.0022511060849850872,0.0015817182615728627,3.9500557977536325e-05,0.00010057950777396125,0.012589652080207837,0.006152626388367801,0.004784421402104943,0.0
경상북도,영양군,  면적(㎡)  ,820098653.14,1267111.1,26456.51,55201.299999999996,615503.62,0.0,98219.70999999999,0.0,124.71,0.0,11890576.879999999,1251.06,9599.98,51755.18,1422390.06,5770963.319999999,1277082.22,10816202.849999998,36808809.160000004,1212915.3200000003,4516183.86,243683.86000000002,32345.37,299016395.82,294657134.19,85035894.00999999,1840942.0500000003,0.0,1787951.9700000002,33219188.35,9558282.89,0.0,0.0,0.0,853869.1499999999,82956.39,16854.08,51957.229999999996,13234608.370000001,3279538.2199999997,1346704.35,0.0
경상북도,영양군,  비율(%)  ,1.0,0.0015450715534630808,3.2260155407770894e-05,6.731056049006402e-05,0.0007505238761743542,0.0,0.00011976572528675131,0.0,1.5206707086093776e-07,0.0,0.014498959161160998,1.5254993959689264e-06,1.17058843631111e-05,6.310848067100143e-05,0.0017344133593610257,0.007036913544369438,0.001557229993135945,0.013188904540431614,0.04488339179568965,0.0014789870893653842,0.005506878767217092,0.00029713969053232975,3.9440828095688e-05,0.3646102754529882,0.35929474223840574,0.10368983497828452,0.0022447812137617678,0.0,0.002180166938641194,0.04050633204043211,0.01165504034594274,0.0,0.0,0.0,0.0010411785786145352,0.00010115415954211842,2.055128359919745e-05,6.335485346923295e-05,0.016137824784039374,0.003998955744462302,0.0016421248161348982,0.0
경상북도,영덕군,  면적(㎡)  ,745390589.4900001,1937705.3599999999,82184.36,150505.12,1484367.9200000002,0.0,248517.02999999997,0.0,17271.71,234240.76,16624121.66,858.24,27857.940000000002,65089.52,1709831.8800000001,18226029.86,4657475.439999999,4496231.83,22305179.490000002,1450865.6899999997,9955961.98,386558.07999999996,18441.929999999997,260388546.36,242818976.75,93070182.57,679951.1,433566.12,1597457.3499999999,33145461.52,7939345.51,0.0,0.0,679477.48,1420924.81,1110126.7,478181.46,126059.23,11333844.69,3367067.0400000005,2532714.0399999996,189410.96000000002
경상북도,영덕군,  비율(%)  ,1.0,0.00259958387900468,0.0001102567716292621,0.00020191443536062928,0.001991396109542531,0.0,0.00033340510801194384,0.0,2.3171355049997865e-05,0.00031425237090834305,0.02230256444661356,1.151396344548986e-06,3.737361377081584e-05,8.732270157117836e-05,0.002293873714142106,0.02445165007042863,0.0062483689835508465,0.006032048020724737,0.029924149572724434,0.001946450237576368,0.013356704686615265,0.0005185980148535077,2.4741297059596708e-05,0.3493316792987139,0.32576072219551083,0.12486095730518823,0.0009122077868801991,0.000581662991340752,0.0021431144590824363,0.0444672390386338,0.010651255357854918,0.0,0.0,0.0009115723884640157,0.001906282196253918,0.0014893221294349237,0.0006415179729156148,0.00016911835456126476,0.015205242526276957,0.0045171847987828286,0.003397834740217065,0.00025410967440519464
경상북도,청도군,  면적(㎡)  ,693686443.12,3350797.5700000003,68758.69,323554.07,2381437.1100000003,0.0,209684.71000000002,0.0,1212.6,283728.47,20088007.82,1558.83,15515.910000000002,79225.25,1418693.49,20266637.22,4493585.34,7095936.77,19297082.22,2986539.11,56106950.37,752452.5599999999,30513.600000000002,210774749.64999998,206996727.53,58472942.839999996,320667.19,1097485.56,6573334.799999999,36965711.09,8922443.92,0.0,0.0,0.0,1932362.7,1556685.7700000003,168715.02,44467.89,7404954.489999999,3347585.7099999995,9855737.25,0.0
경상북도,청도군,  비율(%)  ,1.0,0.004830421011154675,9.912070602208024e-05,0.00046642697606248126,0.0034330166512826577,0.0,0.0003022759231921834,0.0,1.748052037093413e-06,0.00040901544611982293,0.028958339923222342,2.247168033137329e-06,2.2367324825052006e-05,0.00011420902164912991,0.0020451509526683686,0.02921584733420269,0.006477833586871266,0.01022931446963925,0.027818162530620222,0.004305315664765503,0.08088229332787195,0.0010847156773248832,4.398759742623583e-05,0.3038472954754549,0.2984009988705976,0.08429304539527353,0.0004622653263306288,0.0015821061098784473,0.009475945313901552,0.05328878985113069,0.01286235879119886,0.0,0.0,0.0,0.0027856428782272206,0.002244076967971985,0.00024321510341353776,6.410373222806021e-05,0.010674786228623218,0.004825790878863845,0.014207769731914838,0.0
경상북도,고령군,  면적(㎡)  ,386834810.3600001,1439973.7799999998,70752.8,1698891.13,1679576.7700000003,0.0,139876.73,0.0,0.0,0.0,16603721.500000002,1840.16,48658.700000000004,63746.600000000006,688545.71,19537186.48,9751966.389999999,6393987.31,13436248.39,7263644.08,519422.48,670454.1799999999,66442.37,68921267.66999999,123664313.74000001,40245118.55,670976.66,820856.4099999999,5065008.65,34205695.6,7032610.350000001,0.0,0.0,0.0,1834103.8399999999,92264.82999999999,778200.21,119557.3,6886662.569999999,14877992.169999998,1545246.25,0.0
경상북도,고령군,  비율(%)  ,1.0,0.0037224513963981603,0.00018290184364265285,0.004391774174663756,0.004341844955568853,0.0,0.00036159292352678016,0.0,0.0,0.0,0.0429219942345625,4.756965895306816e-06,0.00012578676659093002,0.00016479023679558596,0.0017799476457643992,0.05050524398726709,0.02520964021031232,0.016528986375475268,0.03473381409882897,0.018777121100451728,0.0013427500992390263,0.0017331795434233418,0.00017175902535288055,0.17816718098833914,0.3196824857228187,0.1040369622179211,0.0017345301974648274,0.0021219817555614665,0.013093466550454317,0.08842455405749848,0.018179879787590062,0.0,0.0,0.0,0.004741310220486951,0.0002385122215711031,0.0020117119482493924,0.00030906551530028126,0.01780259269736109,0.038460841091715846,0.003994589443907459,0.0
경상북도,성주군,  면적(㎡)  ,613118940.3199999,2488588.4800000004,69109.62,2316255.4699999997,2517495.9000000004,0.0,184315.44,0.0,0.0,0.0,23044494.03,1601.12,39628.27,87471.57,1302085.65,12788124.94,10378140.729999999,6848332.839999999,25328529.51,39662368.9,3933079.89,823932.5599999999,175827.03,186603119.09,147018602.18,58521086.87,450249.02,44453.56,7960083.289999999,49148279.78999999,8048210.3100000005,0.0,0.0,0.0,2641205.7399999993,1252915.39,368458.93,148062.87,11755653.02,4049968.08,3119210.2299999995,0.0
경상북도,성주군,  비율(%)  ,1.0,0.004058900021423498,0.00011271812931424073,0.0037778240365419088,0.004106048165281055,0.0,0.00030061938700474955,0.0,0.0,0.0,0.03758568283337094,2.611434576078079e-06,6.463390281063108e-05,0.0001426665598592448,0.0021237080839818998,0.02085749452353503,0.016926798452162356,0.011169664464166947,0.04131095590813179,0.06468951828384123,0.006414872598695518,0.0013438380480791734,0.00028677474864539676,0.3043506028252982,0.23978806151913665,0.09544817982536404,0.0007343583608182213,7.250397447646737e-05,0.01298293490304746,0.080161085489136,0.013126670505072746,0.0,0.0,0.0,0.0043078195213175074,0.0020435111486624053,0.0006009583227158067,0.0002414912674573759,0.01917352775607368,0.0066055178101107675,0.005087447189891111,0.0
경상북도,칠곡군,  면적(㎡)  ,450503326.65,1973360.79,599473.6900000001,3834465.7899999996,3580098.36,0.0,321177.47,0.0,0.0,883917.5900000001,29900320.889999997,6519.289999999999,158754.34000000003,218212.94,622741.02,8805722.66,10682090.509999998,2737302.2800000003,21419383.919999998,7165635.67,3589616.5,587822.81,155439.47,124955315.00999999,100397935.65,47832270.67999999,385206.22,1167529.99,6970433.95,40981413.68,3830016.1700000004,0.0,0.0,0.0,286837.58,972421.84,568579.5700000001,253160.59,11703712.759999998,10372461.870000001,2583975.1,0.0
경상북도,칠곡군,  비율(%)  ,1.0,0.004380346766080867,0.0013306753902524154,0.008511514928232771,0.007946885512748744,0.0,0.000712930295961001,0.0,0.0,0.0019620667322768153,0.06637092141437131,1.44711251046208e-05,0.0003523932690586715,0.0004843758682597511,0.0013823228002127785,0.019546409846694084,0.023711457558889478,0.006076097817867247,0.04754545117186428,0.015905844077300335,0.007968013303459587,0.0013048134724578512,0.0003450351213960342,0.27736824040608893,0.22285725700756046,0.10617517751908036,0.0008550574373433431,0.0025916123609605757,0.015472547121534114,0.09096806006904101,0.008501637931245675,0.0,0.0,0.0,0.0006367046879164262,0.002158523106213338,0.0012620984937625878,0.0005619505451436604,0.025979192755423795,0.023024162656313654,0.005735751429883476,0.0
경상북도,예천군,  면적(㎡)  ,664875483.7500004,3145799.7600000002,157506.06999999998,211235.00999999998,1898116.2200000002,0.0,204464.15,0.0,0.0,334513.16000000003,24946416.25,1788.82,20195.499999999996,114474.24999999999,1716220.17,64762552.8,27402592.360000003,12447432.270000001,52063708.730000004,4059861.77,10834420.17,2214622.9299999997,32470.46,160630669.23000002,134959376.45000002,34102881.510000005,307367.1,317782.06999999995,9130670.709999999,75063754.59,10718320.82,0.0,0.0,0.0,7904879.6,325051.7,7708.62,169079.69,12095713.809999999,9804565.59,2769271.4099999997,0.0
경상북도,예천군,  비율(%)  ,1.0,0.004731411876186507,0.0002368955900007644,0.0003177061196610859,0.0028548446534595196,0.0,0.0003075224684880703,0.0,0.0,0.0005031215139913028,0.037520433313766303,2.6904586553722498e-06,3.037486039655765e-05,0.00017217396760420094,0.0025812655330893735,0.09740553589783338,0.04121462293277104,0.01872144871366675,0.0783059535243391,0.006106198633015844,0.01629541235133562,0.003330883728046618,4.8836903741527047e-05,0.24159511541020923,0.20298443806170788,0.05129213265265022,0.00046229272625063884,0.00047795726834092304,0.013732903277620655,0.11289896593363444,0.016120794166671653,0.0,0.0,0.0,0.011889263167616376,0.0004888910900529197,1.1594080678869663e-05,0.00025430278921756064,0.018192449722733504,0.014746468819546084,0.004165097793019651,0.0
경상북도,봉화군,  면적(㎡)  ,1202303962.5799997,2241430.65,58383.44,268447.98999999993,1262200.8599999999,0.0,172577.97999999998,0.0,0.0,593653.7999999999,21839782.669999998,3934.61,43988.5,73222.23999999999,2297106.4600000004,13396971.669999998,9458824.6,8537735.629999999,61036586.06,3175381.1900000004,14361102.910000002,1240569.5399999998,73379.98000000001,416118603.34999996,486011847.34,59470652.61000001,4559228.220000001,0.0,2468265.36,56900472.120000005,6708212.98,0.0,0.0,0.0,4818980.1899999995,286097.28,11791.32,118435.09,18486306.63,4888300.970000001,1321488.34,0.0
경상북도,봉화군,  비율(%)  ,1.0,0.0018642795164628414,4.855963368424418e-05,0.00022327797159043113,0.0010498184313486487,0.0,0.0001435393921763914,0.0,0.0,0.0004937634894973566,0.018164942767995584,3.272558456479508e-06,3.658683774576104e-05,6.090160415247561e-05,0.0019105871156497615,0.011142749327093382,0.007867248960655923,0.00710114571333446,0.050766351904074934,0.002641080200040275,0.011944652398202867,0.0010318268745766145,6.1032802256207654e-05,0.346100999664893,0.40423375657606336,0.04946390801406255,0.0037920761819801754,0.0,0.002052946207299691,0.04732619528084931,0.005579465084357688,0.0,0.0,0.0,0.004008121356981181,0.00023795752896469682,9.807270346757607e-06,9.850677839059312e-05,0.015375734594046092,0.004065777974739678,0.0010991299880308513,0.0
경상북도,울진군,  면적(㎡)  ,995608356.3900001,2144079.54,207957.44999999998,113885.87000000001,1380363.15,0.0,368270.67000000004,124.43,89331.6,221505.58,20322061.08,676.61,19992.06,138067.88,1013280.2700000001,12005612.11,12014762.66,1702261.05,24655622.300000004,709837.2600000001,551705.37,378496.08,27427.39,304078235.23999995,453993045.40999997,69839050.62,3581992.9000000004,306208.23,2781924.72,39962516.620000005,8574914.74,0.0,0.0,1514670.8299999998,3780250.33,659470.5,1087424.96,174236.36,21436255.12,3964678.85,1355997.4099999997,452163.14
경상북도,울진군,  비율(%)  ,1.0,0.002153537107476949,0.0002088747534763949,0.00011438822230554741,0.0013864519528593465,0.0,0.0003698951175292676,1.2497886262342522e-07,8.972564304694023e-05,0.00022248264448398395,0.02041170200066042,6.795945370058325e-07,2.0080245280874988e-05,0.00013867689951963,0.0010177498646898435,0.012058569047704092,0.012067759960919385,0.0017097697493944995,0.024764378625144738,0.0007129683629553048,0.0005541389507822549,0.0003801656319683755,2.754837263464684e-05,0.30541952896273833,0.45599561564162044,0.07014711173501101,0.003597793125188335,0.0003075589191620364,0.0027941958322718853,0.04013879188891206,0.00861273881940082,0.0,0.0,0.0015213520660795582,0.0037969250717289067,0.0006623794344105243,0.0010922216080456776,0.00017500491923527815,0.021530810767525322,0.003982167108737037,0.001361978735209438,0.0004541576384910117
경상북도,울릉군,  면적(㎡)  ,73979077.13,228743.21,12117.85,7437.35,265180.88,0.0,56716.92,0.0,164803.34,408.55,1812770.28,0.0,5214.63,18864.67,153442.97999999998,0.0,19953.39,0.0,5311236.04,18127.760000000002,18773.96,4888.049999999999,7814.67,45601850.71,7766378.9399999995,3290868.4400000004,339504.71,0.0,49832.46,3882845.95,174660.66,0.0,0.0,135059.81,247908.29,3359150.4599999995,2872.37,30875.25,871835.1299999999,10125.22,10143.55,98670.65
경상북도,울릉군,  비율(%)  ,1.0,0.003091998695766915,0.00016380104308013827,0.0001005331546233091,0.003584538903263283,0.0,0.0007666616319143045,0.0,0.0022277020259444265,5.522507387893932e-06,0.02450382392327635,0.0,7.048790282739771e-05,0.00025500007207240487,0.0020741402292753903,0.0,0.000269716665496338,0.0,0.07179375907416109,0.0002450390124243498,0.00025377391457600087,6.607341142429306e-05,0.00010563351562587951,0.6164155120489809,0.1049807491698295,0.04448377254310851,0.004589199043445813,0.0,0.0006736020768741374,0.052485731109849554,0.0023609467267762334,0.0,0.0,0.0018256487542101351,0.003351059510574352,0.04540676351094676,3.8826788754778834e-05,0.0004173511105815007,0.011784887887530206,0.00013686599499217083,0.00013711376775051154,0.0013337642726552353
경상남도,창원시 의창구,  면적(㎡)  ,204297870.23999992,2328629.88,667690.64,1708257.5499999998,2546569.55,0.0,337899.55,0.0,0.0,286318.88,20751684.78,3534.1400000000003,37591.62,340589.98,496612.69999999995,19633054.99,1920807.12,5771976.36,8488361.53,7826579.2299999995,24148520.699999996,218364.72,18233.85,24873170.28,28959341.61,10640959.469999999,315254.52999999997,318688.01,1454592.04,20980576.17,3002010.27,0.0,0.0,0.0,56750.42,265390.32999999996,92500.29,245081.53000000003,5370420.359999999,5405973.32,4785883.840000001,0.0
경상남도,창원시 의창구,  비율(%)  ,1.0,0.01139820927777872,0.003268221245848658,0.008361602340705833,0.012464983345193002,0.0,0.0016539553231908432,0.0,0.0,0.0014014775565875724,0.10157562952380197,1.7298956645256517e-05,0.00018400397398092826,0.0016671244766276333,0.002430826613202584,0.09610014517985906,0.009401992873168587,0.02825274856374833,0.041548947720444936,0.03830964669776384,0.11820250828670609,0.0010688546079480662,8.925129752248369e-05,0.12174953292846433,0.14175058005244925,0.05208551345885045,0.0015431121706244572,0.0015599184153296346,0.007119956944686751,0.10269601021955328,0.014694280789483384,0.0,0.0,0.0,0.00027778272937124685,0.0012990362047740948,0.0004527716803475965,0.0011996284137083236,0.026287206781407325,0.02646123189463163,0.023426009455594227,0.0
경상남도,창원시 성산구,  면적(㎡)  ,89153705.61,916876.95,696693.4099999999,6773425.88,1383484.17,0.0,607265.49,0.0,402860.29,122073.2,18414509.83,5093.969999999999,37204.01,413591.79,157738.79,0.0,10770.029999999999,0.0,1876844.4100000001,30410.48,379441.80999999994,4233.52,2435.0699999999997,20316884.580000002,15360528.33,7320427.84,90512.04999999999,0.0,121493.37,8830866.61,781750.7999999999,0.0,0.0,7260.11,23761.499999999996,166231.04,0.0,416551.25,2700532.1399999997,476043.66,273540.52,32368.71
경상남도,창원시 성산구,  비율(%)  ,1.0,0.010284227040554528,0.007814519937597016,0.07597469823217592,0.015517965972743821,0.0,0.006811444188943343,0.0,0.004518716157041181,0.0013692442637662787,0.20654789056726006,5.7136940805168616e-05,0.0004173018916650278,0.004639086924880542,0.0017692903387552194,0.0,0.0001208029428088289,0.0,0.021051782392648887,0.000341101693888414,0.004256040816293782,4.748563137150346e-05,2.731316643922951e-05,0.22788603615508204,0.17229265149330006,0.08211019149358721,0.0010152359835264955,0.0,0.00136274055204692,0.09905215436170808,0.008768573270748202,0.0,0.0,8.143363139339509e-05,0.0002665228532837873,0.001864544371572981,0.0,0.004672281955639511,0.03029074474832701,0.0053395835511586874,0.0030681901344246326,0.0003630663445622314
경상남도,창원시 마산합포구,  면적(㎡)  ,243147063.08,2022709.12,563303.03,805988.6799999999,2033968.8299999998,0.0,234065.77,0.0,663083.28,0.0,16188199.52,805.59,112436.57,231462.39999999997,496550.4199999999,5795389.699999999,4342208.51,1405057.75,12030057.99,529702.53,2042213.17,157293.40000000002,18857.309999999998,48455290.92,83801246.00999998,27076842.93,195346.88999999998,6870.78,2666896.43,21323277.46,1471389.3900000001,75008.45999999999,0.0,381028.16000000003,170596.08000000002,927601.0599999999,568527.25,175987.37,4386749.18,664550.95,931011.2999999999,195488.88999999996
경상남도,창원시 마산합포구,  비율(%)  ,1.0,0.008318871280524125,0.002316717392612152,0.0033148197218191952,0.008365179510026759,0.0,0.0009626510270575956,0.0,0.002727087350349089,0.0,0.06657781227106072,3.313180055705405e-06,0.000462422077304739,0.0009519440501070105,0.0020421814424162934,0.023834915489368693,0.017858362979985207,0.00577863344184301,0.049476468428664024,0.002178527362371298,0.008399086314803947,0.000646906435996093,7.755516254702029e-05,0.19928388320305265,0.34465251172878764,0.11135994236167765,0.0008034104443849571,2.8257713307190482e-05,0.010968244469901495,0.08769703894381088,0.006051438053010268,0.000308490092579571,0.0,0.0015670687326979332,0.0007016168644565148,0.003814979495330369,0.0023382032371616337,0.0007237898240296524,0.01804154705564622,0.002733123491528047,0.0038290049166404263,0.0008039944530840596
경상남도,창원시 마산회원구,  면적(㎡)  ,90945565.47999999,1150420.23,588175.27,1081163.6900000002,1355087.96,0.0,259404.18,0.0,54754.73,177406.25,9279379.69,676.7,13307.89,239892.69999999998,147718.34999999998,28290.78,402602.87000000005,30013.3,4296121.9399999995,134424.05000000002,871404.1,9163.66,17791.06,24098898.080000006,26207314.619999997,11022906.830000002,59570.990000000005,436.0,375537.22,6171007.610000002,466894.11,0.0,0.0,0.0,25678.420000000002,232675.44999999998,0.0,160914.77999999997,1542464.55,232349.37000000002,211655.17,62.88
경상남도,창원시 마산회원구,  비율(%)  ,1.0,0.012649547275100412,0.0064673331447847975,0.011888030870925322,0.014899989382088122,0.0,0.002852301578761925,0.0,0.0006020604711291967,0.0019506860951787005,0.10203223918642461,7.4407146343909905e-06,0.00014632808020668763,0.0026377613766418906,0.0016242501678928479,0.00031107377089454105,0.0044268554258265315,0.0003300138917339546,0.04723838834060323,0.001478071517731796,0.009581600767457234,0.00010075983311154624,0.00019562317201614923,0.26498156290313724,0.28816484324090874,0.12120334588962527,0.0006550180834611487,4.794076519276595e-06,0.004129252680083506,0.0678538593655463,0.00513377543518244,0.0,0.0,0.0,0.0002823493357204645,0.00255840346664476,0.0,0.0017693526798223827,0.0169603052315861,0.002554818025196582,0.002327273120826826,6.914025952571383e-07
경상남도,창원시 진해구,  면적(㎡)  ,127402257.59,1204673.7100000002,944243.3300000001,921550.6700000002,2520929.5599999996,0.0,295214.24,0.0,3034600.33,98310.92,14243286.27,1738.8899999999999,13138.77,198091.80999999997,356101.92000000004,0.0,991134.55,0.0,5138263.24,85920.96999999997,153773.44,15466.09,3386.45,28610938.129999995,32008425.450000003,10017818.539999997,377976.0,1161023.73,465836.63000000006,13371637.890000002,241245.22999999998,1197.65,0.0,87163.04000000001,18753.95,727399.37,70262.37,121152.35000000002,6679345.46,197487.86,423453.63,2601315.1500000004
경상남도,창원시 진해구,  비율(%)  ,1.0,0.009455670039041419,0.007411511757026472,0.007233393563289055,0.019787165531341976,0.0,0.0023171821723131838,0.0,0.023819046753204398,0.0007716575974373987,0.1117977541327178,1.364881622110665e-05,0.00010312823531183079,0.001554853216475094,0.0027950989781200786,0.0,0.007779568186221809,0.0,0.04033102189237273,0.0006744069659778465,0.0012069914843649515,0.00012139572949933312,2.6580769164217757e-05,0.22457167299243927,0.25123907578630217,0.07863140520036052,0.0029667920109891985,0.00911305460328931,0.003656423667931645,0.10495605135218233,0.001893571076082216,9.400539854279674e-06,0.0,0.0006841561652738057,0.00014720265052408323,0.005709470018505344,0.000551500195750966,0.0009509435098857263,0.05242721429234918,0.0015501127196312816,0.003323752953913413,0.0204181244446345
경상남도,진주시,  면적(㎡)  ,713098680.4300001,4853336.75,1322415.1199999999,2080364.7099999997,4848176.219999999,0.0,704132.68,0.0,0.0,372136.3,45920826.71999999,5269.27,144868.71000000002,710134.16,2325394.31,25308554.32,14459276.17,11974742.58,41681390.39,19110182.529999997,19612939.9,441616.66,619262.5800000001,128634050.91,217097811.79000002,33341084.649999995,1038632.7300000001,347220.95999999996,7873313.170000001,71304270.58,9544788.14,0.0,0.0,0.0,855101.5400000002,677283.2100000001,342609.20999999996,459445.74999999994,10776762.6,12774979.2,21536305.909999993,0.0
경상남도,진주시,  비율(%)  ,1.0,0.006805981953400092,0.0018544630025154171,0.0029173587991293648,0.006798745184995347,0.0,0.0009874267044995882,0.0,0.0,0.0005218580684732175,0.06439617402224,7.389257818879456e-06,0.00020315380462160423,0.0009958427627040167,0.003260971270621034,0.03549095660188136,0.020276683391534288,0.016792546261310153,0.05845108332673681,0.026798791043164624,0.027503823016715376,0.0006192924936191217,0.0008684107781921338,0.18038744768456644,0.30444287410416965,0.04675521854828738,0.0014565063132268065,0.0004869185282892754,0.011040986873306758,0.0999921505071407,0.013384947135569614,0.0,0.0,0.0,0.001199134935272033,0.000949774874904546,0.00048045133079394547,0.000644294769586382,0.015112582445814636,0.01791474244812325,0.030201017756776038,0.0
경상남도,통영시,  면적(㎡)  ,249328807.82,1970565.3599999999,513355.09,594583.13,1993716.6000000003,3420.12,442641.92000000004,0.0,3262489.4,4000.6,14777655.550000003,2906.05,30186.81,188858.39,427525.57,1541948.6700000002,2414007.02,517509.41000000003,21370687.619999997,625209.44,826630.2499999999,79040.01,30642.850000000002,26607064.87,96598494.6,29839216.49,1500193.88,235230.03,1208434.4200000002,24502874.84,562777.4700000001,99141.38,0.0,1015435.27,28896.769999999997,8611581.26,61529.65,135361.37999999998,4625227.029999999,99534.49,582758.0300000001,1397476.1
경상남도,통영시,  비율(%)  ,1.0,0.007903480457110382,0.002058948159615036,0.002384734981884854,0.007996334709302185,1.3717307798901102e-05,0.001775334041301638,0.0,0.013085088035054962,1.6045478398501735e-05,0.05926974776484135,1.165549230114632e-05,0.00012107229110000403,0.0007574671842025736,0.0017147058686802332,0.0061843983592669806,0.009682022069999886,0.002075610173268104,0.08571286971150287,0.002507570005514014,0.0033154221416595224,0.0003170111415968507,0.0001229013617316225,0.1067147639401888,0.38743414948559873,0.11967817417850114,0.006016929584338474,0.0009434530732999837,0.004846750083016541,0.0982753459347127,0.0022571698590332597,0.00039763307283598756,0.0,0.004072675271174768,0.00011589823996937282,0.034539054412906146,0.0002467811503130461,0.0005429030892319613,0.018550712492633934,0.000399209745838346,0.002337307249392198,0.00560495240088298
경상남도,사천시,  면적(㎡)  ,402228778.94999987,2980849.0799999996,485768.7200000001,1620469.78,2462382.37,0.0,383796.20000000007,0.0,376667.29,114919.25,26517820.019999996,2405.17,85253.95,214977.99000000002,1164684.7700000003,17819203.679999996,18016363.66,11315484.99,26980646.95,2682170.43,6208201.59,581489.3200000001,387915.4700000001,58813860.45999999,120833357.82,21320294.65,531523.3300000001,1223340.95,4185866.2099999995,44081100.03999999,3596579.1,1135468.6800000004,0.0,280929.48,824532.2500000001,2414512.3,623714.07,146572.34,11128142.22,4011574.28,6101827.71,574112.38
경상남도,사천시,  비율(%)  ,1.0,0.007410829945538387,0.001207692600385476,0.004028726597410964,0.006121845325011151,0.0,0.0009541738932800452,0.0,0.0009364503728034404,0.00028570618517151245,0.06592720712133919,5.9796069447805e-06,0.0002119538791395076,0.0005344669532627436,0.0028955779172250115,0.04430116543753091,0.04479133419302047,0.02813196265950578,0.06707786305204656,0.00666827082090368,0.015434503732443587,0.001445668113350695,0.0009644150053425714,0.14621992144254553,0.30040952846643654,0.053005393362592475,0.0013214453013220928,0.0030414058218148302,0.01040668005140511,0.10959210863795406,0.008941625483359764,0.002822942413429716,0.0,0.0006984320732428787,0.002049908641923645,0.006002833278869244,0.001550645062315475,0.00036440042998072016,0.02766620093432776,0.009973364637090448,0.015170042595978704,0.0014273279537548123
경상남도,김해시,  면적(㎡)  ,462192779.1499999,2859053.83,2071079.5499999998,10823022.18,6405262.330000001,0.0,1039521.19,0.0,2922.05,687532.78,58023490.35,20321.06,223228.16,633441.87,1229370.3499999999,18797322.45,10879736.54,4411655.699999999,19612794.7,8905197.589999998,13641419.23,956513.29,61955.29000000001,90681471.35000001,82696986.38999999,31239483.44999999,934244.88,2131361.0799999996,3124119.84,48527169.88000001,5191530.71,0.0,0.0,0.0,349393.56999999995,537432.1799999999,1353083.48,531245.0199999999,18099061.419999998,14160044.47,1351310.9400000002,0.0
경상남도,김해시,  비율(%)  ,1.0,0.006185847029583566,0.004480986383666224,0.023416683834620228,0.013858421461667273,0.0,0.002249107378768966,0.0,6.322145502519153e-06,0.0014875454810531956,0.12553958643990212,4.39666323592758e-05,0.0004829763035470392,0.0013705144229317848,0.0026598648993627406,0.040669874775130406,0.02353939098747601,0.009545055437935004,0.0424342300112717,0.019267279783940345,0.029514565881118664,0.002069511539663352,0.0001340464256363751,0.19619837314803715,0.1789231466187868,0.06758972632037061,0.002021331622095291,0.004611411463242026,0.006759343678508873,0.10499335357260313,0.011232392508484306,0.0,0.0,0.0,0.0007559477035590118,0.0011627879193361042,0.0029275305479423567,0.0011494013839354893,0.03915911765927034,0.030636663117154635,0.002923695481537253,0.0
경상남도,밀양시,  면적(㎡)  ,801947981.0200001,4446907.069999999,310252.50000000006,1590596.9100000001,3240769.0000000005,0.0,365099.74999999994,0.0,0.0,549723.97,34552880.809999995,4005.51,55200.79000000001,223373.40000000002,1939164.0599999996,38986986.2,5547310.930000001,10849335.579999998,27587190.330000006,27359797.169999998,35041685.55000001,861102.3,51718.28,196659850.90000004,214031865.48000002,69506624.14,975977.9700000001,867643.21,7941712.99,62342507.71,11291752.21,0.0,0.0,0.0,1430777.72,2339336.5199999996,0.0,257455.15000000002,20732057.18,14273341.899999999,5733977.829999999,0.0
경상남도,밀양시,  비율(%)  ,1.0,0.005545131573676343,0.0003868735969699543,0.0019834165652202465,0.004041121215715334,0.0,0.000455266125286117,0.0,0.0,0.0006854858207895285,0.043086187168963355,4.994725461999892e-06,6.883337985312957e-05,0.0002785385153235135,0.002418067138885456,0.04861535551272582,0.0069172952127697345,0.013528727344884259,0.0344002241827603,0.03411667317274244,0.04369570892295331,0.0010737632868715017,6.449081639212978e-05,0.24522769001783354,0.266889961126621,0.08667223533825014,0.001217009074277674,0.0010819195640301281,0.009903027600242737,0.07773884240060855,0.014080404810843201,0.0,0.0,0.0,0.0017841278410355114,0.0029170676594566522,0.0,0.0003210372194871568,0.02585212217085556,0.017798338842184864,0.0071500620560287905,0.0
경상남도,거제시,  면적(㎡)  ,410105661.5999999,2456888.55,1339194.2500000005,1287306.0100000002,2329364.89,0.0,809586.8600000002,0.0,2440927.6199999996,0.0,25270474.070000004,1799.56,36844.990000000005,354370.06000000006,1949436.4,10085506.77,3354705.7600000007,4969564.819999998,25886998.32,841041.6,1854976.5499999996,78903.98999999999,15620.01,84189282.85,133643737.52000003,41991607.03,1339085.32,583302.48,2023466.2300000004,38450481.269999996,754389.03,183613.84,33419.6,814234.02,48267.89,3791733.09,281206.52,231629.67000000004,11329206.14,1624155.84,2061570.7600000002,1367761.42
경상남도,거제시,  비율(%)  ,1.0,0.005990867183873085,0.0032654858866742373,0.0031389618104213962,0.005679914002923388,0.0,0.001974093351555916,0.0,0.005951948116192503,0.0,0.061619422593213985,4.38803988459739e-06,8.984267580274735e-05,0.0008640945326564108,0.004753497897089262,0.02459245924733657,0.008180101066910025,0.01211776692038723,0.06312275285106672,0.0020507924633830516,0.004523167377799497,0.00019239917267213852,3.808776972027056e-05,0.2052868095542527,0.3258763534221837,0.10239216612170762,0.0032652202721992376,0.0014223224271625128,0.004934011937571361,0.09375749927466986,0.0018394991843243556,0.0004477232508413633,8.14902185685895e-05,0.0019854249678566255,0.0001176962293368154,0.009245746755133313,0.0006856928502349651,0.0005648048580853829,0.027625090801721337,0.0039603350845327625,0.005026925870657136,0.0033351439593976096
경상남도,양산시,  면적(㎡)  ,487036167.98,1560382.4100000001,1356475.66,5199510.63,4489350.96,0.0,774439.8799999999,0.0,0.0,651270.6700000002,35701714.42,2309.82,78553.74,391060.1199999999,842913.27,1833680.71,4183679.1399999997,1036218.75,15993771.770000001,1118904.6,2569896.74,293024.26,175924.89,204449232.81,87554538.79,48813639.41,476215.63000000006,2884635.37,1890354.5699999998,35300419.71,3442905.66,0.0,0.0,0.0,846009.7499999999,1155911.68,239747.62999999998,338816.14999999997,13439633.86,6671299.53,1279724.9899999998,0.0
경상남도,양산시,  비율(%)  ,1.0,0.0032038327183620515,0.0027851641195889647,0.01067582034321015,0.009217695225017362,0.0,0.0015901075339271355,0.0,0.0,0.0013372121267731893,0.07330403113196735,4.742604660306978e-06,0.00016128933570951098,0.0008029385612611396,0.0017306995361268816,0.0037649785181360484,0.008590078961387937,0.002127601229899936,0.0328389816229352,0.002297374760976576,0.005276603482363002,0.0006016478431475195,0.00036121524758552285,0.41978244379254326,0.17977009623974252,0.10022590234408323,0.0009777828861768552,0.0059228360430892205,0.003881343305242223,0.07248007854613706,0.007069096478562516,0.0,0.0,0.0,0.0017370573391065711,0.002373359015192209,0.0004922583696286086,0.000695669382019927,0.027594734731388355,0.013697749712653692,0.0026275769113979874,0.0
경상남도,의령군,  면적(㎡)  ,481893429.5100001,2048051.17,49004.35,493614.24,1104772.14,0.0,227370.57,0.0,0.0,0.0,16785922.26,170.3,16315.36,76224.96999999999,1965654.3699999999,23199348.27,6137403.24,5738333.49,17749088.06,5111381.26,3232609.9400000004,658204.75,89167.79000000001,119683666.27000001,167558571.00000003,36486006.730000004,487300.09,528182.33,5487556.2700000005,38394515.04,7210874.669999999,0.0,0.0,0.0,1790851.3500000003,791981.8300000001,410803.79000000004,155564.67,7839920.299999999,7421045.93,2963952.7100000004,0.0
경상남도,의령군,  비율(%)  ,1.0,0.004250008496863101,0.00010169125993236452,0.0010243224119115255,0.002292565269303125,0.0,0.00047182749561701934,0.0,0.0,0.0,0.03483326651095513,3.5339763850518737e-07,3.385678036031705e-05,0.0001581780645515487,0.0040790229740188,0.04814207218718381,0.01273601768391125,0.011907889044751792,0.036831977721812195,0.01060687062116071,0.006708142800965329,0.001365872015871387,0.00018503632658089527,0.24836127438321168,0.3477087686594467,0.07571384977607971,0.001011219618610483,0.0010960563013632857,0.011387489295257396,0.07967428624009336,0.014963629359570591,0.0,0.0,0.0,0.0037162809043090246,0.0016434792041163638,0.0008524785042570811,0.00032281965362794345,0.016268991897174866,0.015399765748094726,0.00615063939139783,0.0
경상남도,함안군,  면적(㎡)  ,415947626.9400001,2569357.12,181859.12,4359749.15,1961994.8299999998,0.0,274876.8,0.0,61.26,145220.18,28723340.060000002,5472.69,116541.35999999999,115736.23999999999,1500441.19,39287659.37,8886015.89,5247681.08,20770106.78,7970278.15,10503952.549999999,513868.86999999994,82609.54000000001,69694702.66,104043760.84,27340041.0,687990.97,321346.57,5525072.92,42030508.86000001,7251610.18,0.0,0.0,0.0,1092415.9100000001,944690.3200000001,440808.42,246555.19,12578388.79,7869315.059999999,2663597.02,0.0
경상남도,함안군,  비율(%)  ,1.0,0.006177116909890741,0.00043721639028904217,0.010481485811262696,0.0047169275719488955,0.0,0.0006608447366852043,0.0,1.4727815723020502e-07,0.00034913092561277627,0.06905518435411895,1.3157161251912679e-05,0.00028018277410874837,0.00027824714580399515,0.0036072839290808996,0.09445338024651644,0.021363304691438465,0.012616206320506237,0.049934427881700744,0.01916173487665961,0.02525306521706681,0.00123541724178204,0.00019860562880892772,0.16755643774847973,0.25013668572992764,0.06572952753963845,0.0016540326845024692,0.0007725649797885583,0.01328309758766092,0.1010475986344859,0.0174339501185471,0.0,0.0,0.0,0.002626330430195193,0.002271176126066156,0.001059769046509276,0.0005927553711841834,0.030240318673135296,0.018919004582120473,0.006403683655067998,0.0
경상남도,창녕군,  면적(㎡)  ,530410068.7799999,3234524.78,178191.77999999997,1590106.6199999999,2978384.0100000002,0.0,400939.3899999999,0.0,0.0,0.0,27817740.96,1176.5500000000002,31307.499999999996,155618.57,1391144.23,52393336.97,11603494.919999996,8174749.989999999,28972922.619999997,4605778.48,12978658.309999997,1106257.86,87805.31,50554319.779999994,175303167.37,39316074.42000001,977257.42,891993.37,9247106.53,51725452.519999996,10249793.349999998,0.0,0.0,0.0,534371.8799999999,1340656.84,151384.15,208883.95999999996,10052593.25,14331405.009999998,7823470.08,0.0
경상남도,창녕군,  비율(%)  ,1.0,0.006098158708487103,0.00033595097545915785,0.0029978816647606554,0.005615247871991954,0.0,0.0007559045606396642,0.0,0.0,0.0,0.05244572567029844,2.2181894146658858e-06,5.902508614138982e-05,0.00029339294097101027,0.0026227711574174696,0.09877892606848565,0.021876460502888415,0.015412131992144874,0.05462362863254242,0.008683429578540592,0.02446910244342138,0.0020856652712956825,0.0001655423137082628,0.0953117649072544,0.3305049765989852,0.07412392172424478,0.0018424563889742837,0.0016817051984923297,0.017433881960931354,0.09751974097885074,0.019324281255775597,0.0,0.0,0.0,0.001007469336374237,0.0025275855774828234,0.0002854096460653543,0.00039381597804215047,0.018952493253233376,0.02701948144190356,0.014749852124781155,0.0
경상남도,고성군,  면적(㎡)  ,520443905.06,3002037.8499999996,142964.68,879980.6099999999,1842269.2300000004,0.0,337207.5800000001,0.0,750302.72,8.13,24615064.15,1816.32,391466.52999999997,146088.04,1126630.3399999999,39301477.74000001,8849731.450000001,11105181.719999997,23312929.040000003,4546592.06,5170914.24,627130.6499999999,155977.72999999998,88965943.65000002,181110545.46000004,45041877.58000001,713898.6900000001,692560.91,5622816.140000001,46617054.93,4168352.71,366248.19000000006,0.0,298805.5,403105.39999999997,2595398.95,45175.7,108166.57,10324024.779999997,2130060.08,4579990.18,354108.83
경상남도,고성군,  비율(%)  ,1.0,0.005768225587450979,0.0002746975776064053,0.0016908270064158984,0.0035398036408700226,0.0,0.0006479230071127929,0.0,0.0014416591542435306,1.5621280066797446e-08,0.04729628670963535,3.4899438389822307e-06,0.0007521781429160348,0.0002806989160208497,0.002164748840454025,0.07551530022331435,0.017004198462041265,0.02133790330145133,0.044794316569645186,0.008735988673891455,0.009935584199807019,0.0012049918231393263,0.00029970132896842724,0.1709424258503776,0.3479924420271969,0.08654511493377429,0.0013717111163357699,0.0013307119235456458,0.010803885078357806,0.08957171844413414,0.00800922571957,0.0007037226998705589,0.0,0.0005741358426813584,0.0007745414944450689,0.004986894696558674,8.680224623783779e-05,0.00020783521326381927,0.019836959717704408,0.004092775531215864,0.008800161046120792,0.0006803976885062688
경상남도,남해군,  면적(㎡)  ,362984482.49,3171397.07,55010.67,111093.31000000001,1513031.65,17.13,331423.07999999996,0.0,279480.41,1146.71,17425515.28,1277.77,13958.949999999999,119968.65000000001,706574.6,9108513.530000001,10824557.989999998,6811177.170000001,33531348.08,472757.29,775953.46,342197.83999999997,73605.76000000001,69224199.25,108067174.21000001,39996715.669999994,1508553.46,575322.46,3828758.25,35276000.87,2443399.58,475263.31,0.0,995471.5,303952.47,5469852.69,15398.33,186209.90000000002,4574125.85,880223.0900000001,2771814.91,722040.29
경상남도,남해군,  비율(%)  ,1.0,0.008737004535964894,0.0001515510239518724,0.00030605525954697133,0.004168309453949407,4.719210001069927e-08,0.0009130502707071794,0.0,0.0007699513987011814,3.1591157620121987e-06,0.04800622649338753,3.5201780286439705e-06,3.84560516313106e-05,0.0003305062772299228,0.0019465697132644386,0.02509339646564901,0.029820993767407697,0.018764375609879258,0.0923768086447711,0.00130241735612768,0.0021377042199631135,0.0009427340740645223,0.0002027793571093712,0.19070842581240943,0.29771844093356575,0.11018850005826869,0.004155972314991619,0.0015849781127099552,0.010547994293683008,0.09718322014212227,0.0067314160738739404,0.0013093212876203136,0.0,0.0027424629647285945,0.0008373704239777623,0.015069108884429217,4.2421455304013485e-05,0.0005129968606994928,0.012601436344117036,0.0024249606593699214,0.0076361801776922015,0.0019891767412395975
경상남도,하동군,  면적(㎡)  ,677107103.0900002,3207554.1,61087.86000000001,498364.39,1612245.43,0.0,282396.30000000005,0.0,118807.94,291616.48,24391666.169999998,1402.36,14824.909999999998,123278.05000000002,1730397.0299999998,25029805.400000002,10330293.35,11676220.469999997,29842105.149999995,7620132.63,9401404.39,820753.01,80412.54000000001,226650654.04,172907841.5,31729366.69,744429.9199999999,78458.18000000001,3971333.8000000003,72314295.67000002,5735527.48,301059.5,0.0,151027.08000000002,2672879.2399999998,1873491.14,88322.48999999999,129743.79000000001,16773805.12,7989853.35,3258026.2,2602219.94
경상남도,하동군,  비율(%)  ,1.0,0.004737144368095126,9.021890291982403e-05,0.0007360200295133488,0.0023810788908319907,0.0,0.00041706297085243295,0.0,0.0001754640284495852,0.00043067998942737234,0.03602335001167148,2.071105137725309e-06,2.189448306234869e-05,0.00018206580530231723,0.002555573589618654,0.036965799481021064,0.015256513043294586,0.01724427408413704,0.044072946530636856,0.011253954647980029,0.013884663662656008,0.00121214650718397,0.00011875896683557857,0.3347338301513489,0.2553626165062063,0.04686018880204034,0.001099427131398814,0.00011587262877904185,0.005865148632877561,0.10679890277327087,0.008470635522542498,0.0004446261139871451,0.0,0.0002230475493622546,0.003947498450100772,0.0027669051638215913,0.00013044094441918782,0.00019161487068723696,0.024772750194839484,0.011799984542383391,0.004811685160489223,0.0038431437628178543
경상남도,산청군,  면적(㎡)  ,792109945.81,2725405.8400000003,40870.12,297414.48,1573820.25,0.0,253623.02999999997,445.58,0.0,0.0,24523758.069999997,1644.5200000000002,16510.99,123063.79000000001,1687065.33,15936787.68,10136569.88,12434323.030000001,29722862.73,6550459.16,7657060.3100000005,758232.19,358442.91000000003,290098416.74999994,213098956.37,45316660.910000004,777581.2000000001,73964.87,4471795.8,74659101.99999999,8179387.75,0.0,0.0,0.0,4574928.820000001,1851240.35,472051.18,134228.78999999998,21566835.31,9092345.08,2944090.7400000007,0.0
경상남도,산청군,  비율(%)  ,1.0,0.003440691351518179,5.15965242150909e-05,0.00037547121024451765,0.001986870961947883,0.0,0.00032018665002450994,5.625229204064045e-07,0.0,0.0,0.03096004310982658,2.0761259326422652e-06,2.084431597827762e-05,0.00015536200580609652,0.0021298373274114516,0.020119413680260354,0.012796922868623363,0.015697723650325898,0.0375236580315954,0.008269633773253026,0.00966666351117458,0.0009572309930089855,0.0004525166132505275,0.3662350388156654,0.2690269923982436,0.05721006427164584,0.0009816581701986547,9.337702473154103e-05,0.005645423117907208,0.09425345862013472,0.01032607631461549,0.0,0.0,0.0,0.005775623503024882,0.0023371002469953195,0.0005959414882959049,0.00016945727131697556,0.027227072989149344,0.011478640216671313,0.0037167703240860296,0.0
경상남도,함양군,  면적(㎡)  ,721080052.07,2570446.11,69585.48,338515.26999999996,1429154.26,0.0,251219.67000000004,157.03,0.0,0.0,21461871.569999997,2057.13,19635.770000000004,105317.37000000001,1242476.36,16473338.51,8946013.329999998,11720121.709999999,32203561.02,2133470.15,8343523.33,746616.76,73090.68000000001,250293114.02,190648498.94,70711043.60000001,417326.8,324486.26,4510369.4399999995,69845143.24,6017872.279999999,0.0,0.0,0.0,2673920.9,2304771.66,452000.37,90047.22,9944629.01,2936764.21,1779892.6100000003,0.0
경상남도,함양군,  비율(%)  ,1.0,0.0035647167088051265,9.650174041043208e-05,0.00046945587945225535,0.001981963383812013,0.0,0.0003483935927485794,2.1777055064720616e-07,0.0,0.0,0.029763507544536192,2.8528455253957028e-06,2.7231054227102413e-05,0.0001460550318895469,0.0017230768711923605,0.022845367116605276,0.012406408004657365,0.016253565296051552,0.044660174591646846,0.0029587147000883747,0.011570869705864555,0.001035414525553289,0.00010136278183008813,0.3471086369696196,0.2643929732804375,0.09806268166344397,0.0005787523851228203,0.0004500003280752245,0.006255019019111831,0.09686184361846646,0.008345636885564273,0.0,0.0,0.0,0.003708216434949201,0.0031962771031922273,0.0006268379893500664,0.00012487825691683192,0.013791296793541874,0.004072729791331003,0.0024683703354301282,0.0
경상남도,거창군,  면적(㎡)  ,799637061.54,2851792.66,161878.18999999997,484165.54,1870836.58,0.0,255713.56,0.0,0.0,0.0,23906720.75,944.56,33766.66000000001,176683.05,1707450.4,21584807.770000003,11259904.0,11649579.600000001,39370061.93000001,4723910.11,15047069.280000001,1377887.65,55745.50000000001,188202361.16,244574779.89000002,110834593.62999998,898501.48,1101283.35,6304280.059999999,77563059.14000002,7103277.329999999,0.0,0.0,0.0,1553547.01,1427022.25,1353815.27,117779.19000000002,15902658.92,4039425.27,2141759.8,0.0
경상남도,거창군,  비율(%)  ,1.0,0.0035663587859569787,0.00020243957888625502,0.0006054816157064535,0.002339607141766297,0.0,0.0003197870287646848,0.0,0.0,0.0,0.02989696438526583,1.1812358949207492e-06,4.222748247182252e-05,0.0002209540534048419,0.0021352817198238235,0.026993255825874793,0.014081268292286063,0.014568583874244626,0.049234913967316926,0.00590756774192325,0.018817373535715373,0.0017231413053146415,6.971350213888438e-05,0.23535972782145193,0.3058572340543845,0.1386061239039453,0.0011236366136777097,0.0013772289992150532,0.007883926800314573,0.09699782922845442,0.008883126697904652,0.0,0.0,0.0,0.0019428151654302575,0.0017845874317677765,0.00169303717288031,0.00014729080937440816,0.01988734600341496,0.005051573350315426,0.0026784148747123365,0.0
경상남도,합천군,  면적(㎡)  ,984037717.93,3409921.9,79059.27,303541.73,1992436.7499999998,56.77,363964.75,0.0,0.0,0.0,29574455.750000004,1178.1899999999998,27450.85,115429.04,3117433.039999999,39888602.18000001,17327201.7,13208314.12,38596021.37,4060945.52,5386719.179999999,1761789.0900000003,84203.81,212322605.61999997,353119801.67,111542199.03999999,903486.9300000002,471006.24,9818939.22,70162916.07,14559507.5,0.0,0.0,0.0,2329866.8800000004,4302232.230000001,560579.6200000001,140482.53,13986137.47,10541377.77,19977854.130000003,0.0
경상남도,합천군,  비율(%)  ,1.0,0.0034652349578357996,8.034170698894281e-05,0.00030846554402256415,0.002024756484122627,5.769087806859693e-08,0.0003698686984942287,0.0,0.0,0.0,0.030054189195320862,1.1973016669304245e-06,2.789613599135712e-05,0.00011730143865096347,0.0031680015747341094,0.04053564355633521,0.01760826987043659,0.013422568951711239,0.03922209552210025,0.0041268189684258395,0.005474098280837631,0.0017903674400876228,8.556969765054258e-05,0.21576673510710254,0.35884783198434206,0.1133515484290965,0.0009181425808561031,0.00047864653093867003,0.00997821429106895,0.07130104343723039,0.01479568032272895,0.0,0.0,0.0,0.002367660138984364,0.004372019640720767,0.0005696728995096072,0.00014276132656329063,0.014213009537297951,0.01071237166820659,0.020301919089061926,0.0
강원특별자치도,춘천시,  면적(㎡)  ,1115625099.4600003,3300157.21,957888.3200000002,480151.57,3921142.5999999996,0.0,978857.65,0.0,5300.200000000001,399912.12000000005,36152977.28,1450.5400000000002,68248.47,650215.7999999999,1167754.82,2019209.5900000003,12480092.51,2462273.33,45227385.28000001,5468344.53,4173684.3399999994,766716.6900000001,491944.35,469387207.4300001,258019820.4,83246773.27,3877185.3200000003,4101889.05,3485860.2,70966136.95,8788613.09,0.0,0.0,0.0,2379982.12,4630501.46,605607.87,337196.94,22917339.400000002,15718586.25,45988692.51,0.0
강원특별자치도,춘천시,  비율(%)  ,1.0,0.002958123846081794,0.0008586113027249477,0.0004303879235348948,0.0035147493561214814,0.0,0.0008774073391444848,0.0,4.750879128271203e-06,0.00035846461342037826,0.03240602716584563,1.3002038056530908e-06,6.117509370579286e-05,0.0005828264354349199,0.001046726916206199,0.001809935605587724,0.011186636546668571,0.0022070795388090697,0.040539949577946544,0.004901596900828837,0.0037411172821588557,0.000687252994192329,0.00044095848169615175,0.42073919604103494,0.2312782497676775,0.07461894978007774,0.0034753478761608064,0.0036767629663275333,0.003124580292866549,0.06361109747741421,0.007877747725695649,0.0,0.0,0.0,0.0021333171162534713,0.004150589173945008,0.0005428417398399645,0.000302249331037115,0.020542151132215258,0.014089487819526757,0.04122235375688487,0.0
강원특별자치도,원주시,  면적(㎡)  ,867082526.0200002,3838382.3499999996,1263196.7100000002,1850539.7800000003,5200448.649999999,0.0,1022086.51,0.0,0.0,618903.16,42784355.28,5357.490000000001,83623.35,692441.74,2356937.6899999995,19890341.019999996,11191119.020000001,7925356.369999999,41735033.56999999,2432079.52,4760449.72,901824.38,336804.8,339686603.6100001,160561056.59,77168673.80000001,784078.9399999998,2956770.2,4212307.0,83561831.71,12077483.640000002,0.0,0.0,0.0,2005815.72,289907.43,1007211.81,472262.35000000003,24346691.459999997,6594410.809999999,2468139.84,0.0
강원특별자치도,원주시,  비율(%)  ,1.0,0.004426778576219933,0.0014568356207086835,0.0021342141312594223,0.005997639779307518,0.0,0.0011787649725701248,0.0,0.0,0.0007137765338679243,0.0493428872063478,6.1787544313589645e-06,9.644220416231884e-05,0.000798588045798109,0.002718239174786039,0.022939386301899945,0.0129066365474673,0.009140256125767193,0.048132712074787365,0.0028048997033344684,0.005490192198718343,0.001040067528680884,0.0003884345375358553,0.39175810077640155,0.1851739041807152,0.08899807282959826,0.0009042725651490228,0.003410021666071263,0.004858023168030996,0.09637125556382456,0.013928874446861384,0.0,0.0,0.0,0.0023132927487385826,0.00033434814022917234,0.0011616100887457714,0.0005446567493035914,0.02807886300252626,0.007605286246822475,0.002846487809331161,0.0
강원특별자치도,강릉시,  면적(㎡)  ,1041677914.8099997,3557666.3900000006,836207.4300000003,645901.31,4088030.79,0.0,803999.73,0.0,191590.91000000003,522882.9099999999,36466530.8,6970.41,78829.38,467277.3399999999,1430789.9500000002,18291256.520000003,7423289.140000001,9810414.52,44218892.95999999,1768024.0400000005,3212338.79,303855.70999999996,516396.76000000007,412715856.21999997,277551930.05999994,77411376.39999999,917583.4199999999,619792.39,7335990.47,85182847.04,9455924.660000002,0.0,0.0,1416663.4,2207868.2100000004,1001722.7299999999,2036928.17,245215.32999999996,19989405.56,4434623.54,4338302.619999999,174738.79999999996
강원특별자치도,강릉시,  비율(%)  ,1.0,0.003415322855000639,0.000802750464525806,0.0006200585620727222,0.003924467181149415,0.0,0.0007718314063965234,0.0,0.00018392528753472315,0.0005019621733032257,0.03500749154948862,6.69152134349646e-06,7.567538764069732e-05,0.0004485814025204043,0.0013735435201781866,0.017559416648798107,0.007126280623271154,0.009417896242707039,0.042449678860730616,0.0016972847507499332,0.003083811938727649,0.00029169833177793993,0.0004957355365398046,0.3962029436856004,0.2664469757051775,0.07431411888397355,0.0008808705713678931,0.0005949942695224072,0.007042474805024615,0.08177465013793368,0.00907758965181166,0.0,0.0,0.0013599821786165036,0.0021195305944474324,0.0009616434367649163,0.001955429928042136,0.000235404174854496,0.01918962212388465,0.004257192628307636,0.004164725543587337,0.00016774743662667746
강원특별자치도,동해시,  면적(㎡)  ,181453659.58999997,1135832.89,387378.47000000003,690748.1900000001,1321094.61,0.0,334316.08,0.0,378428.46,430165.86,11933447.809999999,3609.4100000000003,22313.85,132004.50999999998,475436.76,32060.54,1419214.2000000002,128202.97,8637078.66,273011.61000000004,287345.94,23761.180000000004,8604.08,67138013.1,44773051.58,7541745.699999999,125101.48,188425.14,1359432.07,19986981.12,1460309.8,0.0,0.0,358655.71,136442.02,1137549.4599999997,1359897.22,98239.84999999999,6212944.659999999,542900.1199999999,655451.42,324463.05999999994
강원특별자치도,동해시,  비율(%)  ,1.0,0.00625963065482641,0.0021348617100106627,0.003806747086615759,0.00728061706214718,0.0,0.0018424322813626207,0.0,0.002085537766805423,0.0023706651107063517,0.06576581501284672,1.9891635187493992e-05,0.0001229727195936352,0.0007274833161164572,0.0026201552565777056,0.0001766872052756707,0.007821358925506146,0.0007065328430943663,0.047599363272781275,0.0015045803463919,0.0015835775406749407,0.00013094902606918543,4.741750604226544e-05,0.37000087654170416,0.24674647885948434,0.04156292971462136,0.0006894403798891164,0.0010384201697874395,0.007491896680792649,0.11014923129773843,0.00804783878870018,0.0,0.0,0.0019765691736964327,0.0007519386509387292,0.006269090756121023,0.007494460145211338,0.0005414046221055883,0.03423984213952111,0.002991949135810758,0.003612224859399432,0.0017881318058458233
강원특별자치도,태백시,  면적(㎡)  ,303563553.07,772337.5900000001,202273.8,147768.05,785054.2100000001,0.0,320228.98000000004,0.0,0.0,370354.17,8453970.139999999,467.76,53802.0,120984.71,645573.35,0.0,0.0,1978072.1,11172621.760000002,355491.63,199090.61000000002,80214.02999999998,16290.689999999999,139093433.14999998,83744253.46999998,18952691.099999998,165359.05,343491.09,568342.5100000001,25225397.0,1244662.0100000002,0.0,0.0,0.0,907971.4700000001,422197.43,889272.38,49622.83,5108916.879999999,1075081.73,98265.39,0.0
강원특별자치도,태백시,  비율(%)  ,1.0,0.0025442368894064943,0.0006663309806278253,0.0004867779695737239,0.002586128018533803,0.0,0.0010548993011890236,0.0,0.0,0.0012200218578763257,0.027849094710162923,1.540896445800057e-06,0.00017723471561684342,0.0003985482077029901,0.0021266497360147006,0.0,0.0,0.006516171259676448,0.03680488532634766,0.0011710616324154886,0.0006558449062364574,0.0002642413069315442,5.366484162953337e-05,0.45820201978570807,0.2758705800583677,0.06243401392666404,0.0005447262964466263,0.0011315294162497597,0.0018722356628529237,0.08309758119804049,0.004100169461756789,0.0,0.0,0.0,0.0029910424384531667,0.0013908040860973968,0.0029294438380583158,0.00016346768081396538,0.016829809864631253,0.003541537576324561,0.0003237061531472475,0.0
강원특별자치도,속초시,  면적(㎡)  ,105948249.99999997,765545.26,333334.93,137777.36,1263231.43,0.0,342325.22,0.0,117829.54000000001,0.0,6623479.28,1188.54,58966.29,121727.68,229085.75,0.0,2763451.3699999996,0.0,4119338.5600000005,154057.72,104868.38,236.11,10105.66,38971373.37,19384449.389999997,12260210.65,61804.6,416584.41000000003,327587.92000000004,6699688.13,1139920.18,0.0,0.0,132490.96,352833.86000000004,3849536.19,0.0,87433.71,3741432.6900000004,298024.97,1062696.7300000002,15633.16
강원특별자치도,속초시,  비율(%)  ,1.0,0.0072256527125271084,0.003146205152043569,0.0013004212905829027,0.011923098588225859,0.0,0.0032310606357348996,0.0,0.0011121423902707222,0.0,0.06251617445309386,1.1218118279443033e-05,0.000556557470274403,0.0011489352584870447,0.0021622419435903856,0.0,0.026083029875434472,0.0,0.03888066636305934,0.0014540846120629652,0.0009898075711491227,2.228540820636491e-06,9.53829817859191e-05,0.3678340451116466,0.1829614872355136,0.11571885944317159,0.0005833470585875653,0.003931961216914863,0.003091961594457673,0.06323547703713843,0.010759216693055339,0.0,0.0,0.00125052523283773,0.0033302471725583024,0.03633411774144454,0.0,0.0008252492136491167,0.03531377526292319,0.0028129296142220383,0.01003033773563981,0.0001475546788172528
강원특별자치도,삼척시,  면적(㎡)  ,1189532337.03,1781219.7899999998,249503.34999999998,406896.01,1485076.3399999999,0.0,427571.76,0.0,259083.72,600175.08,24314169.4,1747.77,27265.85,200093.61,2236054.5700000003,3740094.2100000004,3134878.48,1634461.9300000002,38429619.089999996,921476.7600000001,1277475.47,320377.41,161381.3,511289099.69,411148155.53,50634369.269999996,658196.97,661144.76,4817006.3100000005,81616607.53,9692519.919999998,0.0,0.0,648092.4500000001,4659639.7700000005,1991839.1099999999,4500946.100000001,215807.46999999997,20273723.78,3509444.64,1305238.43,301883.39999999997
강원특별자치도,삼척시,  비율(%)  ,1.0,0.0014974118269431103,0.00020974911083372044,0.00034206384924005483,0.0012484539459498075,0.0,0.00035944525986368093,0.0,0.0002178030070597954,0.0005045470907487096,0.020440107967730513,1.469291708675862e-06,2.2921487000577736e-05,0.00016821199707743096,0.0018797761947211419,0.0031441719519270835,0.0026353873555275517,0.0013740374087524946,0.032306493815838826,0.0007746546531897775,0.0010739308467978051,0.0002693305596045516,0.00013566785448047047,0.42982362376677896,0.3456384855888376,0.042566618572491145,0.0005533241506013807,0.0005558022589370985,0.00404949589014705,0.06861234872670942,0.00814817690807808,0.0,0.0,0.0005448296190233416,0.003917203109949994,0.0016744724359265281,0.0037837946560056288,0.00018142211294467508,0.017043440643756704,0.0029502725825531653,0.001097270237527878,0.0002537832647355651
강원특별자치도,홍천군,  면적(㎡)  ,1817899375.0900002,3482447.1799999997,169599.37,355400.44000000006,2480554.3200000003,0.0,752757.6400000001,0.0,0.0,12898.52,32181118.519999996,4924.549999999999,38951.340000000004,186272.91999999998,2371856.4,18221926.619999997,9105807.76,19512579.75,73121356.31,4674251.05,1460729.1099999999,1422775.48,476081.15,770585648.4599999,509758680.11999995,164928693.32999998,2320068.8400000003,2713344.9000000004,4146306.0300000003,132716775.18,15691321.14,0.0,0.0,0.0,4316171.19,559456.4099999999,453753.32000000007,217018.88,26103262.18,11185768.020000001,2170818.66,0.0
강원특별자치도,홍천군,  비율(%)  ,1.0,0.0019156435321551236,9.329414615789914e-05,0.00019550061178848525,0.0013645168450961119,0.0,0.0004140810268790223,0.0,0.0,7.095288208326395e-06,0.017702365136907965,2.7089233141719935e-06,2.1426565481970976e-05,0.00010246602345125842,0.0013047237006077823,0.010023616746717827,0.005008972380305258,0.010733586257508877,0.04022299435928896,0.0025712375030485877,0.0008035258331763729,0.0007826480934510258,0.00026188531473389737,0.4238879549765234,0.28041083412263285,0.09072487486928958,0.001276236117241164,0.0014925715565888616,0.0022808226279272064,0.0730055673039821,0.00863156748663449,0.0,0.0,0.0,0.002374262981297475,0.00030774883234244057,0.0002496031002692521,0.00011937892876455601,0.014359024783045368,0.006153128260713671,0.0011941357644685519,0.0
강원특별자치도,횡성군,  면적(㎡)  ,998080813.7300001,2778460.9999999995,104477.97,734458.3,1754648.47,0.0,526664.49,0.0,0.0,166384.91000000003,24175829.740000002,1225.84,28142.21,159988.38,1605262.6500000001,17794193.380000003,7499964.040000001,10163502.11,58894137.89,6016573.05,905137.66,1828245.0100000002,421646.48,382475017.92999995,285284801.43,47551606.96,1212809.4400000002,2451215.7399999998,4157051.9800000004,90912230.97,11428181.45,0.0,0.0,0.0,1501499.68,951699.77,502888.85,149383.17,24219199.830000002,4812787.08,4911495.870000001,0.0
강원특별자치도,횡성군,  비율(%)  ,1.0,0.0027838036377198874,0.00010467886824669819,0.0007358705726996221,0.001758022442534063,0.0,0.0005276772008388418,0.0,0.0,0.00016670484765476148,0.024222316877979808,1.2281971390861871e-06,2.81963239978812e-05,0.00016029601791672142,0.0016083493720321672,0.017828409418572062,0.007514385545566537,0.010183045270670257,0.05900738405129986,0.006028142177701051,0.0009068781280519205,0.001831760499600762,0.0004224572541618492,0.3832104702029336,0.28583336890711436,0.04764304283366739,0.0012151415229269082,0.002455929125457671,0.004165045478095486,0.0910870439741701,0.011450156433015593,0.0,0.0,0.0,0.001504386878642258,0.0009535297712450095,0.00050385584321636,0.0001496704154062729,0.02426577036331224,0.0048220414757937135,0.004920940070619025,0.0
강원특별자치도,영월군,  면적(㎡)  ,1127153148.1299999,1877361.2,96856.15999999999,453401.14,1278628.65,0.0,329774.58,0.0,0.0,410542.64999999997,18279590.27,1571.31,40143.24,116174.19,2021325.03,4746380.91,1519301.6600000001,8166978.9799999995,49806370.17,1948419.0499999998,3300277.46,356524.88999999996,209953.02000000002,487910233.5,311043608.25,107478839.53,1076191.76,121735.55,3007636.11,66624929.839999996,10074748.12,0.0,0.0,0.0,5182052.91,827952.0400000002,4300572.85,110677.52,21226889.720000003,12918395.230000002,289110.64,0.0
강원특별자치도,영월군,  비율(%)  ,1.0,0.0016655777461249436,8.592990239231369e-05,0.00040225335905082096,0.0011343876846915658,0.0,0.0002925730017674276,0.0,0.0,0.0003642296973406937,0.016217485884971974,1.3940519108755339e-06,3.561471665727015e-05,0.00010306868254126642,0.0017933011439958033,0.004210945884216772,0.0013479105856383342,0.00724566931614342,0.044187757673064314,0.0017286196230144224,0.002927976083352396,0.00031630563299361007,0.0001862684058047675,0.4328695122836378,0.27595505434734935,0.09535424685484173,0.0009547875209198083,0.00010800267044630538,0.0026683473448038623,0.0591090305257399,0.008938224709494428,0.0,0.0,0.0,0.004597470111845289,0.0007345515038250229,0.003815429036537628,9.819208701463436e-05,0.018832303094940037,0.011461082508115448,0.0002564963248158852,0.0
강원특별자치도,평창군,  면적(㎡)  ,1464283890.3,2123152.5999999996,145095.91999999998,113030.82,2493021.42,0.0,723884.28,0.0,0.0,167973.62,27379063.799999997,9973.74,16669.7,144890.35,2167675.4000000004,4225480.47,785747.38,10376271.23,91140067.33,3702445.9799999995,1250081.42,477649.54000000004,219102.37,664064408.63,367949226.08000004,116693583.14999999,1757406.46,1987027.21,2303424.49,109975742.03,11067023.56,0.0,0.0,0.0,4461098.64,542916.7799999999,224186.52,102039.0,26207843.71,8843582.61,443104.0600000001,0.0
강원특별자치도,평창군,  비율(%)  ,1.0,0.0014499596793112377,9.909002001672844e-05,7.719187566616092e-05,0.0017025533344420213,0.0,0.0004943606118972543,0.0,0.0,0.00011471383460046525,0.018697920520310184,6.811343118687591e-06,1.138419954656794e-05,9.894963057355983e-05,0.0014803655318203978,0.002885697574077859,0.0005366086352551604,0.007086242837701457,0.0622420747327401,0.0025285028432850197,0.0008537152039171075,0.0003262000921844056,0.00014963107321703216,0.45350796592725445,0.2512827113085395,0.07969327800641993,0.001200181516468057,0.0013569958825353882,0.0015730723429102798,0.07510547835602313,0.0075579767238527825,0.0,0.0,0.0,0.003046607744271514,0.00037077289697475815,0.00015310317998108212,6.968525753506339e-05,0.01789806190152825,0.006039527354349396,0.00030260802767502807,0.0
강원특별자치도,정선군,  면적(㎡)  ,1219894133.6900003,1574386.6,97413.23,182684.93,1348109.7899999998,0.0,405350.29000000004,0.0,0.0,596716.4,19098320.61,992.47,31469.280000000002,91866.01999999999,1967443.71,2604439.0100000002,427043.95000000007,9883168.26,67191962.62,1241342.4,2833961.6999999997,249630.96999999997,143716.63,531856452.5100001,351889284.9,98406083.98,641645.89,336148.14,2353077.0,77948992.61999999,8957527.74,0.0,0.0,0.0,8471577.45,479630.93,979566.2100000001,76763.57999999999,17836940.669999998,9561137.24,129285.95999999999,0.0
강원특별자치도,정선군,  비율(%)  ,1.0,0.001290592811720237,7.985383920598037e-05,0.0001497547409687142,0.0011051039207166003,0.0,0.0003322831701582784,0.0,0.0,0.0004891542499634953,0.015655719691208277,8.1357059812881e-07,2.5796730331680554e-05,7.530655116941893e-05,0.0016127987303691446,0.0021349713373257687,0.0003500664018346042,0.008101660617142957,0.05508015881407201,0.0010175820718516955,0.0023231210165981227,0.00020463330637135127,0.0001178107394985812,0.43598574484591757,0.2884588712920413,0.08066772456912805,0.0005259848967869987,0.0002755551737782371,0.0019289190225731214,0.06389816170704564,0.007342873035141826,0.0,0.0,0.0,0.0069445185578315095,0.00039317422451175087,0.0008029928031844505,6.292642769565703e-05,0.014621711980896143,0.007837677857404697,0.0001059812949578903,0.0
강원특별자치도,철원군,  면적(㎡)  ,890313281.9200001,2469284.77,131235.53,215783.07,2448092.2199999997,0.0,261682.74000000002,0.0,0.0,36068.88,18705648.17,1330.29,35402.58,111202.98,2717234.5299999993,60005374.730000004,51252661.349999994,998078.3,24143977.290000003,7850310.709999999,286242.84,1436063.05,269991.53,440480633.46,77475686.27000001,100976705.46,13484626.669999998,255474.33,1850606.24,39109083.58,15487383.219999997,0.0,0.0,0.0,608217.65,589828.56,171654.83000000002,170391.49,13939131.12,5913703.53,6424489.95,0.0
강원특별자치도,철원군,  비율(%)  ,1.0,0.0027735009913306898,0.00014740376524203342,0.0002423675737316355,0.0027496975162726767,0.0,0.00029392208935226664,0.0,0.0,4.0512570948302445e-05,0.021010186582480765,1.494181909912846e-06,3.976418269718808e-05,0.0001249032023426471,0.003051998195669015,0.06739804510227652,0.05756699623695533,0.0011210416830439729,0.02711851859373865,0.008817470062976547,0.0003215079970307807,0.001612986214136968,0.0003032545234164668,0.49474790773657107,0.08702070141301302,0.11341704938090921,0.015145934519722994,0.00028694880239128664,0.0020786011818324057,0.043927328025096433,0.01739543095055346,0.0,0.0,0.0,0.0006831501476517925,0.000662495519249144,0.0001928027285292417,0.00019138374486848403,0.015656433980115004,0.006642272613575793,0.00721598799036818,0.0
강원특별자치도,화천군,  면적(㎡)  ,907645487.63,1161927.23,61240.520000000004,43012.130000000005,925042.6,0.0,166005.56,0.0,0.0,9518.26,11021441.870000001,5569.150000000001,9445.14,76763.59,2334489.3600000003,4046948.3000000003,3308164.21,3137091.2,21994603.41,1945043.81,293869.60000000003,367711.81,109728.45999999999,558580447.3699999,140632194.07,68607947.96,4319937.220000001,0.0,619864.03,33642931.160000004,8274803.02,0.0,0.0,0.0,1748303.2200000002,445485.06999999995,29433.97,153962.71999999997,11274647.129999999,9857509.35,18440405.130000003,0.0
강원특별자치도,화천군,  비율(%)  ,1.0,0.0012801553534232493,6.747184978565617e-05,4.7388689291356693e-05,0.0010191672989147188,0.0,0.00018289691543938117,0.0,0.0,1.0486759566065404e-05,0.012142892814659011,6.13582073166242e-06,1.040619947845793e-05,8.457441924868858e-05,0.0025720277264813006,0.00445873235217331,0.00364477569170549,0.003456295704385003,0.024232592691482712,0.0021429554121166895,0.00032377134465499095,0.00040512712839034905,0.00012089352230078027,0.6154169827126428,0.1549417652449438,0.07558892639806512,0.004759498371197781,0.0,0.0006829362768260535,0.03706615811845966,0.009116778668295664,0.0,0.0,0.0,0.001926196123736686,0.0004908139533235923,3.242892781503995e-05,0.00016962869545247229,0.012421862151752457,0.01086052812947867,0.020316748533781286,0.0
강원특별자치도,양구군,  면적(㎡)  ,661384759.5799999,933279.33,50025.200000000004,43806.25,920460.98,0.0,242234.64999999997,0.0,0.0,0.0,10760736.72,3320.76,11939.580000000002,68459.33,3142417.3900000006,8186124.289999999,8684260.209999999,2213083.61,29054940.58,5386857.989999999,354781.25,234976.91,72947.20999999999,339719077.3,147291254.29,38644784.07,5102659.63,20294.19,747880.8600000001,27070411.55,5916485.88,0.0,0.0,0.0,1014821.27,834396.38,255927.64,92340.47,11109363.660000002,1995680.92,11204729.23,0.0
강원특별자치도,양구군,  비율(%)  ,1.0,0.001411098935198721,7.563706189989558e-05,6.623413885106506e-05,0.001391717856614237,0.0,0.0003662537524357631,0.0,0.0,0.0,0.01627001010249073,5.020920049788851e-06,1.8052396622477377e-05,0.00010350908303885597,0.00475126973290938,0.01237724965903122,0.013130420809083622,0.003346136387245115,0.04393046582816755,0.008144817236824179,0.0005364218707206033,0.0003552802005132651,0.00011029466425311003,0.5136481788841525,0.22270131289921855,0.05843010972091442,0.0077151152276934065,3.068439317060684e-05,0.0011307803047577447,0.04092989921205708,0.00894560359049875,0.0,0.0,0.0,0.00153438865244558,0.0012615899715165313,0.00038695726850815565,0.00013961687000262765,0.01679712678449802,0.0030174280418365246,0.016941317542780023,0.0
강원특별자치도,인제군,  면적(㎡)  ,1641467519.6000004,1148462.74,83448.93,40613.86,1370512.3,0.0,356576.11,0.0,0.0,0.0,16801517.21,7097.17,22285.609999999997,109018.33,1463561.0899999999,3228821.54,3389922.83,1870604.87,29094706.84,1856288.8499999999,448251.6400000001,265753.88999999996,178164.07999999996,895758571.14,357824415.89,198896810.81,4856806.73,0.0,994752.12,52884355.839999996,11432837.15,0.0,0.0,0.0,10271836.42,6838349.11,127396.63999999998,124313.90999999999,19280133.66,9012994.88,11428337.410000002,0.0
강원특별자치도,인제군,  비율(%)  ,1.0,0.0006996560859637735,5.083800258218644e-05,2.4742408555179303e-05,0.0008349311111157242,0.0,0.00021723007354229704,0.0,0.0,0.0,0.010235668393910264,4.323673734177493e-06,1.357663781579464e-05,6.641516124946904e-05,0.0008916174536043494,0.0019670334633162968,0.0020651781345183548,0.001139592984731027,0.017724814224219263,0.001130871508473313,0.00027307981099085766,0.0001619001818962339,0.00010853950984264113,0.5457059371837477,0.21799055516931345,0.1211701166395714,0.0029588198803857705,0.0,0.0006060138919120406,0.032217729079943705,0.006965009671824638,0.0,0.0,0.0,0.006257715304962649,0.004165997211852476,7.761142908940685e-05,7.573339619311707e-05,0.011745668695715809,0.005490815244517494,0.006962268380908875,0.0
강원특별자치도,고성군,  면적(㎡)  ,661827208.8900001,1270215.0899999999,52172.549999999996,92812.55,1390103.31,0.0,370810.31999999995,0.0,93917.06999999999,83485.27,15574210.83,1369.04,11260.240000000002,113705.99,1269836.28,21166522.39,13485221.850000001,894595.3000000002,12149845.67,1156866.2999999998,150092.69,240240.59000000003,104895.75,322268481.77,137990479.89999998,57924668.769999996,3366383.6500000004,1136879.96,1189046.21,37077270.99,8270073.66,0.0,0.0,1149317.0,652188.47,1590228.32,205365.15,162415.45,13101430.770000001,3450892.21,2541582.1599999997,78325.37
강원특별자치도,고성군,  비율(%)  ,1.0,0.0019192548643177916,7.883107448468684e-05,0.00014023683032866367,0.002100402176470572,0.0,0.0005602826765341268,0.0,0.00014190572514767916,0.00012614360497511035,0.023532140445118106,2.068576180625936e-06,1.7013866835250536e-05,0.00017180615797090728,0.0019186824943775542,0.031981946504586835,0.02037574410489571,0.0013517052305848725,0.01835803289256937,0.0017479884242599618,0.00022678531191204978,0.00036299594028919646,0.00015849416371975476,0.4869374928094911,0.20849925486054605,0.08752234418882504,0.00508649932305747,0.0017177896960548756,0.001796611251438632,0.056022584886144325,0.012495819979765352,0.0,0.0,0.0017365816705052146,0.0009854361701052364,0.0024027847429649966,0.0003103002524547657,0.0002454046128934456,0.019795847910171888,0.005214189086888327,0.003840250334014942,0.00011834715911931958
강원특별자치도,양양군,  면적(㎡)  ,631526949.1200001,1205140.3900000001,67595.54000000001,125796.95,1155737.79,0.0,284601.27,20842.94,67647.06,0.0,15954359.579999998,3127.52,38973.219999999994,82928.54999999999,721830.1400000001,10680093.42,7485518.14,1926236.2399999998,15894913.47,491300.66,885175.72,199398.00000000003,145139.83,285065770.55,145294915.9,69873916.30000001,2821817.97,749932.53,1998540.45,40749843.739999995,6276380.93,0.0,0.0,1575417.5899999999,2273510.7199999997,2229016.17,561285.11,41441.0,9545834.819999998,3458493.08,1446607.2999999998,127868.53
강원특별자치도,양양군,  비율(%)  ,1.0,0.0019082960619167565,0.00010703508392506585,0.00019919490399466166,0.0018300688380922783,0.0,0.0004506557802427546,3.300403890767219e-05,0.00010711666397493036,0.0,0.02526314926422628,4.952314393483977e-06,6.17126791727687e-05,0.00013131434868386314,0.0011429918248236797,0.01691154025157937,0.011853046256269316,0.003050125165179585,0.025169018506888317,0.0007779567612824787,0.0014016436214376064,0.0003157394950094382,0.00022982365234333195,0.45139130000267497,0.2300692252364858,0.11064281009284825,0.004468246325722214,0.001187490939294027,0.003164616257128634,0.06452589837501436,0.009938421374963981,0.0,0.0,0.002494616567345641,0.0036000216984691125,0.00352956619366128,0.0008887745974769906,6.562031922429577e-05,0.015115482931174389,0.005476398251601503,0.0022906501488428508,0.00020247517572793706
전북특별자치도,전주시 완산구,  면적(㎡)  ,92209223.97999997,1812367.25,1630949.4100000004,37682.509999999995,2961348.110000001,0.0,454582.87999999995,0.0,168.49,24320.27,16349339.040000001,22.05,24788.18,550452.78,620116.8999999999,0.0,4511982.45,7411.44,7246210.12,363083.41,2146416.8100000005,8942.470000000001,87475.12000000002,17794369.479999997,13556784.87,5619436.66,127343.71999999999,2789.56,1135815.17,9384411.6,1026601.2199999999,0.0,0.0,0.0,125043.33,27985.419999999995,0.0,303546.60000000003,3519380.8599999994,563062.5,184993.30000000002,0.0
전북특별자치도,전주시 완산구,  비율(%)  ,1.0,0.01965494526223428,0.01768748656158033,0.0004086631290615055,0.03211553011922443,0.0,0.004929906796510924,0.0,1.8272575424400622e-06,0.0002637509454073166,0.1773069800863539,2.3913008968368074e-07,0.00026882538351452254,0.0059696064692984765,0.0067251070254587784,0.0,0.04893200761540561,8.037634067506661e-05,0.0785844388146211,0.0039376040088869215,0.02327768001241996,9.69802110246542e-05,0.0009486591061537751,0.1929781936334218,0.14702200370909144,0.060942240021658205,0.0013810301670863277,3.0252504896961836e-05,0.012317804238829255,0.10177302437807592,0.011133389651155377,0.0,0.0,0.0,0.0013560826629136547,0.0003034991380696359,0.0,0.0032919331374683166,0.03816734062053648,0.006106357647279705,0.0020062342140535175,0.0
전북특별자치도,전주시 덕진구,  면적(㎡)  ,113231975.14999999,2173960.03,1506631.35,1155859.0299999998,3620039.1399999997,0.0,550921.27,0.0,625.35,352560.41000000003,22974874.53,2003.74,112793.53999999996,671581.48,848805.71,4577792.99,14216078.959999999,315587.04,11263456.069999998,2047421.5299999998,2079578.2599999998,63807.72,101766.29999999999,10251246.47,5160702.200000001,2391951.47,241241.26,109657.12999999999,801161.4999999999,14935879.75,1913410.0499999998,0.0,0.0,0.0,67142.62,5982.139999999999,0.0,318427.97000000003,4428156.4399999995,2721885.1,1248986.6,0.0
전북특별자치도,전주시 덕진구,  비율(%)  ,1.0,0.01919917079182028,0.013305705813257645,0.010207885435795119,0.031970113876442434,0.0,0.004865421355321117,0.0,5.5227333018927745e-06,0.003113611764989159,0.2029009429497707,1.7695884906587716e-05,0.0009961279916788591,0.005931023274215137,0.007496166245228656,0.04042844774133573,0.12554827327853071,0.002787084121617921,0.09947239774877317,0.01808165517988847,0.01836564501542213,0.0005635132648306542,0.0008987417190699777,0.09053314186580275,0.04557636827551181,0.02112434642980791,0.0021305047419726128,0.0009684290135779725,0.007075399850074946,0.13190514190196037,0.016898142485506223,0.0,0.0,0.0,0.0005929651930124439,5.283083680272621e-05,0.0,0.00281217358946688,0.039106943371198445,0.02403813142351602,0.011030334835592596,0.0
전북특별자치도,군산시,  면적(㎡)  ,418137555.1500001,3877032.7199999997,1156986.8699999999,5596249.18,4519239.15,0.0,477426.82999999996,0.0,1759131.1099999999,685324.2899999999,49027177.0,1904.1100000000001,83102.04999999999,556747.4,4737362.929999999,98273301.82000001,36734358.18,2946978.21,16808487.430000003,1285507.5800000003,511873.98,598542.6199999999,275533.72,17405204.180000003,32248980.209999997,10149676.090000002,1201825.9999999998,1624431.9099999997,4486541.01,46821731.32000001,10701965.280000001,1531442.2400000002,55666.0,641262.85,420048.28,3208540.1899999995,544521.85,359997.76,22383480.370000005,15517548.19,14225370.959999999,4697053.280000001
전북특별자치도,군산시,  비율(%)  ,1.0,0.009272146623158919,0.0027670006096078828,0.013383751617317502,0.010808020218080618,0.0,0.001141793709079135,0.0,0.004207063174148373,0.0016389924357647111,0.11725131214873127,4.553788523771636e-06,0.00019874332974034937,0.0013314934120191044,0.01132967577691161,0.23502625059532395,0.08785232928150197,0.0070478677978179196,0.04019846393364555,0.0030743652756539536,0.0012241760485167937,0.0014314490832694575,0.0006589547305817979,0.0416255463438489,0.07712529002191922,0.02427353382873961,0.002874235966604014,0.0038849222940935332,0.010729820736600724,0.11197686202379853,0.02559436517526115,0.0036625321527281136,0.0001331284389894869,0.001533616969109501,0.0010045696083178046,0.007673408309016844,0.0013022553064018887,0.0008609553377018637,0.05353138003107684,0.03711110853085973,0.034020792403822414,0.011233272931715041
전북특별자치도,익산시,  면적(㎡)  ,507414411.4799999,5632366.27,1053430.1,3228926.2399999998,5403905.399999999,0.0,550380.1199999999,0.0,277.81,1217436.3699999999,48120801.64,81.3,140708.44999999998,644890.5200000001,5113919.18,124829641.09,41574936.54,10563193.550000003,50317945.910000004,11489657.01,2400298.98,2105527.15,508900.43000000005,22304145.57,37146858.48,6710748.100000001,1507703.6400000001,1511882.1400000001,8942147.43,71824766.7,8069745.7299999995,0.0,0.0,10599.27,354627.57,73086.59,1107016.72,483856.2699999999,16122318.279999997,13221789.529999997,3125895.3999999994,0.0
전북특별자치도,익산시,  비율(%)  ,1.0,0.011100130667498796,0.0020760744593899295,0.006363489421954012,0.010649885532888531,0.0,0.0010846757749640571,0.0,5.475012016109245e-07,0.0023992940335475395,0.09483530729772487,1.6022406569586463e-07,0.0002773047962701511,0.0012709345761761418,0.010078387732591171,0.24601122527423575,0.08193487531963546,0.02081768532980731,0.09916538586918579,0.022643537018366442,0.004730450940482619,0.00414952177621189,0.0010029286092124695,0.04395646845138756,0.07320812661124854,0.013225379390440332,0.002971345720359831,0.0029795806066883696,0.017622967002293075,0.14155050600653077,0.015903658917496226,0.0,0.0,2.0888783921380166e-05,0.0006988914031149427,0.00014403727672382193,0.002181681668778605,0.0009535721868614515,0.031773473348885105,0.026057181725358116,0.006160438744501858,0.0
전북특별자치도,정읍시,  면적(㎡)  ,697633407.8900002,4857405.4799999995,291066.37,1206656.16,2913561.9899999993,0.0,339899.05,0.0,0.0,979815.42,38817294.25,1849.4699999999998,108290.41,322329.46,4176232.87,113387465.51000002,26222405.110000003,11958643.059999999,71415496.0,5374770.42,7504758.79,4325541.28,1844957.2799999998,109567461.19000001,130038621.07000002,22962510.259999994,2075102.04,691297.0700000001,11266067.579999998,83516414.62999998,10055626.189999998,0.0,0.0,0.0,630801.4600000001,228279.58000000002,850103.44,182776.15000000002,13619173.450000001,6210625.78,9690109.62,0.0
전북특별자치도,정읍시,  비율(%)  ,1.0,0.006962690469040573,0.00041721965534926626,0.001729642167867999,0.00417635101336689,0.0,0.0004872172779512213,0.0,0.0,0.0014044846604514861,0.055641392472019546,2.6510628348400657e-06,0.00015522537879532678,0.0004620327185518379,0.005986285666323036,0.1625315878334176,0.03758765680289015,0.017141729344884792,0.10236822834502284,0.007704290475790216,0.010757453277213636,0.006200306967928395,0.0026445942226019435,0.15705592643762284,0.18639964714892773,0.032914866175131084,0.0029744877704124986,0.0009909173817963155,0.016148979467704022,0.11971389799493158,0.014413911484562282,0.0,0.0,0.0,0.000904201910152018,0.00032721996598533617,0.001218553226358736,0.00026199454890328213,0.01952196281882678,0.008902420253617305,0.013889973602766302,0.0
전북특별자치도,남원시,  면적(㎡)  ,750310744.0999999,3852120.9499999997,209550.61000000002,625051.01,2502440.9499999997,0.0,367123.43000000005,0.0,0.0,311395.23,32888314.389999997,2351.0,37239.56,303764.14,4483771.51,69886059.9,21859502.519999996,11155872.709999999,38009486.26,9295236.6,9422807.07,2559269.3499999996,789684.7500000001,131800638.55,225817863.59000003,46043537.730000004,2130443.52,729699.89,11428374.75,81930834.37,10166682.27,0.0,0.0,0.0,1653842.5300000003,1643115.34,1669985.52,163459.63,18103914.14,5019028.239999999,3448282.09,0.0
전북특별자치도,남원시,  비율(%)  ,1.0,0.0051340341055899855,0.00027928509840460385,0.0008330561902718728,0.0033352060725209067,0.0,0.0004892951792132015,0.0,0.0,0.00041502168594629354,0.0438329247563283,3.133368432328704e-06,4.963218278937078e-05,0.0004048511132069234,0.005975886051556276,0.09314282175690894,0.029133932429850164,0.01486833661615962,0.05065832597878163,0.012388515922359162,0.012558539437286997,0.0034109458915850275,0.0010524769320039919,0.17566140374025335,0.3009657869965187,0.061365958160747615,0.002839414918089003,0.0009725302426200458,0.015231522192459568,0.10919586986359404,0.013549962265561008,0.0,0.0,0.0,0.0022042101129496547,0.002189913116559356,0.0022257251853738985,0.00021785591008172266,0.024128555111809977,0.006689266120026496,0.004595805294160121,0.0
전북특별자치도,김제시,  면적(㎡)  ,546553563.03,4805062.71,181035.61000000002,1836278.3499999999,3027231.69,0.0,268165.98,0.0,14.9,590904.38,39859921.43000001,4008.87,55252.97000000001,268103.85000000003,7383800.230000001,168146904.8,32645635.379999995,9997708.899999999,63248686.779999994,11428774.870000001,5636567.44,2211304.07,777547.53,20248951.32,41411063.53000001,7059837.0,1496668.63,707364.55,9278327.490000002,58017665.57000001,16800941.990000002,178183.87,0.0,1425.55,526079.46,81938.23000000001,88667.28,236335.94999999998,16430216.729999999,9713043.229999999,11884940.749999998,19001.16
전북특별자치도,김제시,  비율(%)  ,1.0,0.008791567807849518,0.0003312312319333706,0.0033597408821561515,0.005538764898388993,0.0,0.0004906490381534307,0.0,2.726173792994219e-08,0.0010811463321620787,0.07292957932434542,7.33481633122197e-06,0.00010109342201281598,0.0004905353621952036,0.013509746764919927,0.30764945318043885,0.059729983643356285,0.018292276505479904,0.11572275996035966,0.020910621836661016,0.010312927810317125,0.004045905506023795,0.00142263738194187,0.03704842981489913,0.07576762156745281,0.012917008464571092,0.002738375030807088,0.0012942273142974154,0.016976062581245527,0.10615183852861546,0.030739790436747752,0.00032601355485120057,0.0,2.608253054095912e-06,0.000962539622070168,0.00014991802367136426,0.00016222980874636272,0.00043241132431704165,0.03006149413593367,0.017771438861641554,0.021745244297945672,3.476541236811412e-05
전북특별자치도,완주군,  면적(㎡)  ,822145910.6700002,3594945.02,313297.91000000003,2635559.1800000006,2701157.3099999996,0.0,556733.4199999999,0.0,0.0,179160.69999999998,35365143.53,3286.5600000000004,123226.04000000001,552443.06,2923834.43,21226716.850000005,17814079.950000003,14033669.410000002,49021462.169999994,8312788.64,4329144.2,1514066.79,798728.5499999999,347285500.49,123391136.48000002,37723737.62,1232806.12,208005.88,7476685.050000001,80392680.25999999,8951431.82,0.0,0.0,0.0,1605690.8599999999,7378375.350000001,403544.85,208263.48,24478589.73,5962568.48,9447450.479999999,0.0
전북특별자치도,완주군,  비율(%)  ,1.0,0.0043726362599922595,0.00038107336658122013,0.0032057073395307363,0.0032854962543068743,0.0,0.0006771710626721906,0.0,0.0,0.00021791837394653538,0.04301565339074606,3.997538584509469e-06,0.00014988341899016208,0.0006719525729317217,0.0035563449164604474,0.025818673515874437,0.0216677839283815,0.017069560558372655,0.059626231224637984,0.010111086769531662,0.0052656640917571485,0.0018416035041348383,0.0009715167826463839,0.42241346211523806,0.15008423064397847,0.045884480030141346,0.0014994979650209976,0.0002530036059298617,0.009094109637919314,0.09778395685807732,0.010887887057304846,0.0,0.0,0.0,0.0019530485272273104,0.008974532688470179,0.0004908433463728292,0.00025331693230740224,0.02977402114674681,0.007252445584921612,0.011491208990264132,0.0
전북특별자치도,진안군,  면적(㎡)  ,789056153.7999998,1930819.7499999995,28845.350000000002,163047.87,965120.9399999998,0.0,155383.74,0.0,0.0,0.0,18436446.1,986.91,14464.850000000002,120108.78,1702949.04,12239803.529999997,5327701.0600000005,11545482.57,39102815.21,2499099.2199999997,3766495.43,921439.9199999999,273173.52,341803796.98,139581920.1,52088377.580000006,834769.39,295672.95,5151246.01,79741019.05,7662008.18,0.0,0.0,735.93,2666538.06,4742424.06,64693.85,119851.86,21051959.15,3701759.47,30355197.389999997,0.0
전북특별자치도,진안군,  비율(%)  ,1.0,0.0024469991656505094,3.655677718383445e-05,0.00020663658627434944,0.0012231334048306867,0.0,0.00019692355132355349,0.0,0.0,0.0,0.02336518891743292,1.2507474851405185e-06,1.833183852674999e-05,0.00015221829197018555,0.0021582102006286897,0.015511954974376121,0.006751992281338192,0.014632016383622813,0.049556441606450355,0.0031672007219823804,0.004773418738148115,0.0011677748352413903,0.0003462028889635156,0.4331805731872363,0.17689732147425782,0.066013524296273,0.0010579340722201465,0.0003747172474051112,0.006528364280783081,0.10105873791868526,0.009710345889960666,0.0,0.0,9.326712635797203e-07,0.0033794021466764723,0.006010249127595107,8.198890495745096e-05,0.0001518926877672873,0.026679925184812624,0.004691376465632732,0.03847026253304407,0.0
전북특별자치도,무주군,  면적(㎡)  ,630090783.51,1581653.94,39688.009999999995,83058.25000000001,1101161.2399999998,0.0,313733.77999999997,0.0,0.0,5224.7,15146960.780000001,1193.72,15511.43,72408.65999999999,1087000.98,5250190.43,2780233.81,6157648.069999999,28915757.82,1371925.69,8405601.31,365383.15,51955.1,287064126.98,122624878.14,50599147.81,585998.8300000001,411586.20999999996,3804033.33,66555939.9,6217833.959999999,0.0,0.0,0.0,1243544.79,1121454.45,37817.89,70255.73999999999,11269415.239999998,4485779.52,1252679.85,0.0
전북특별자치도,무주군,  비율(%)  ,1.0,0.002510200087659111,6.298776468196049e-05,0.0001318194967672969,0.0017476231502162951,0.0,0.0004979183765429903,0.0,0.0,8.291979722184081e-06,0.024039330801859934,1.8945206488344943e-06,2.4617770019728947e-05,0.00011491782120131711,0.0017251497854717445,0.00833243489256128,0.004412433704413764,0.009772636310751993,0.04589141529561999,0.0021773460680658036,0.013340301953276543,0.0005798896913942896,8.245653064559615e-05,0.45559169328088434,0.19461461959005763,0.0803045356863198,0.0009300228559694523,0.0006532173153005146,0.006037278166186075,0.10562912780479308,0.009868155705060108,0.0,0.0,0.0,0.001973596222234322,0.0017798299536342951,6.001974793113254e-05,0.00011150098023753268,0.017885383400186087,0.007119259061386996,0.001988094228298007,0.0
전북특별자치도,장수군,  면적(㎡)  ,532167350.5500001,1621021.61,24018.29,121859.95,1048140.6199999999,0.0,180275.08000000002,0.0,0.0,0.0,15860281.709999999,1189.49,14506.81,99486.14,1945486.4100000001,18520968.900000002,6807135.180000001,5864164.539999999,25798127.4,2731348.27,8894835.02,1413557.8900000001,699821.4700000001,196056112.17000002,112673904.03,35240429.169999994,1316139.71,301647.48000000004,3803323.52,67923233.36,4140214.2399999998,0.0,0.0,0.0,628226.1599999999,384998.54,99322.69,70230.39,12509334.98,1841675.0,3532334.33,0.0
전북특별자치도,장수군,  비율(%)  ,1.0,0.0030460749016726764,4.5132964236112695e-05,0.00022898802392528697,0.001969569570393104,0.0,0.00033875637017882434,0.0,0.0,0.0,0.029803184456183275,2.2351803408658024e-06,2.72598647493257e-05,0.00018694521544243578,0.0036557793483371747,0.03480290341160239,0.01279134312348317,0.01101939931854017,0.04847747118145709,0.0051324987659936774,0.016714356885680983,0.0026562281367676437,0.0013150402204808842,0.3684106361793412,0.21172645017314654,0.06622057729317417,0.002473168841793389,0.0005668282349306933,0.007146856183621992,0.12763510066861616,0.0077799102776993905,0.0,0.0,0.0,0.001180504890709139,0.0007234538902134832,0.00018663807521703286,0.0001319704974899648,0.023506393180775714,0.00346070648283216,0.006637638190973758,0.0
전북특별자치도,임실군,  면적(㎡)  ,596614638.12,2100919.69,34304.26,188268.36,952387.8,0.0,181347.31,0.0,553.26,230757.08,19382156.83,4655.83,14218.359999999999,100968.87,2201949.53,30757752.219999995,8711350.11,7024730.61,37239449.77000001,2223019.68,4576503.19,1390615.84,405256.89999999997,189151940.1,144903318.72,23791543.26,1062429.27,469146.84,8441319.920000002,66696291.17,6943805.540000002,0.0,0.0,0.0,1107852.77,532741.4199999999,46772.32,70207.82,14436789.45,5484728.470000001,15754585.549999999,0.0
전북특별자치도,임실군,  비율(%)  ,1.0,0.003521401514083253,5.7498186950451956e-05,0.0003155610807560049,0.0015963198673788518,0.0,0.00030396054406483527,0.0,9.273322587983838e-07,0.0003867774359796829,0.03248689454062904,7.803747515600766e-06,2.383173172687089e-05,0.00016923632701699087,0.0036907400343689036,0.05155380082010917,0.014601301331543668,0.011774318230165653,0.06241792840910795,0.0037260562144519047,0.00767078596063462,0.002330844319177262,0.0006792607390207692,0.31704207039914256,0.24287590257021968,0.039877572120874935,0.0017807629952691648,0.0007863481886370314,0.014148697300823111,0.11179124162988614,0.01163867779355987,0.0,0.0,0.0,0.0018568984051262453,0.0008929405783249439,7.839619917369921e-05,0.0001176769987093055,0.024197846528693882,0.009193083976757591,0.026406635947861544,0.0
전북특별자치도,순창군,  면적(㎡)  ,499776303.90999997,2067760.4100000001,33139.59,266777.96,866669.68,0.0,201516.75999999995,0.0,0.0,0.0,19519683.33,433.0,19466.230000000003,98090.54999999999,1496784.6300000001,46728904.230000004,7392321.690000001,9675736.14,25481733.200000003,2558707.05,5519573.14,1426905.71,412063.82999999996,127254680.03999999,121220132.60000001,28627184.330000002,1029885.1499999999,152564.11,6411921.459999999,65559298.47,5920250.93,0.0,0.0,0.0,589971.95,1204714.01,199478.71,96783.31,9915295.750000002,4303691.66,3524184.3000000003,0.0
전북특별자치도,순창군,  비율(%)  ,1.0,0.004137371847810463,6.63088460591917e-05,0.0005337947355904284,0.0017341151895750354,0.0,0.0004032139147523273,0.0,0.0,0.0,0.03905684038496374,8.663876150438195e-07,3.894988587435209e-05,0.00019626890917514209,0.0029949091589375194,0.09349963946753061,0.014791260874447572,0.01936013385248936,0.05098627726173422,0.005119704615809023,0.011044087318301445,0.0028550887643863923,0.0008244965333014362,0.2546232765427712,0.2425487796272738,0.057279995281959595,0.0020606922375924854,0.00030526479308125385,0.012829582775006199,0.1311772846313377,0.011845801578992274,0.0,0.0,0.0,0.0011804720339567009,0.0024105064617408224,0.0003991359903208261,0.00019365325895368742,0.01983946752262499,0.00861123591961057,0.007051523396424649,0.0
전북특별자치도,고창군,  면적(㎡)  ,612421581.9499998,3709942.05,134280.03,328946.69,1725017.4200000002,0.0,281845.3700000001,0.0,24754.379999999997,0.0,33108014.290000003,1593.44,29184.150000000005,160751.64,3311682.2100000004,96431791.28,23264298.83,22432535.480000004,91154121.93999998,13221888.52,5327618.76,2457131.34,1695027.02,40951597.39,116503641.46,27913138.090000004,1467603.26,1012245.4299999999,10357179.11,70307222.05999999,7768887.04,585258.44,1737494.35,460967.39,477386.79,1743821.04,567734.43,117035.93000000001,12767867.03,2665134.7,15879753.23,337189.94
전북특별자치도,고창군,  비율(%)  ,1.0,0.0060578238248679035,0.00021926077388135398,0.0005371245881841838,0.0028167155940314924,0.0,0.0004602146271569687,0.0,4.0420489299511704e-05,0.0,0.05406082226002129,2.6018678096326362e-06,4.765369291375283e-05,0.0002624852629918002,0.005407520419929253,0.15745981872969497,0.0379873922077086,0.03662923734427026,0.14884211240524525,0.021589520862247275,0.00869926684006862,0.004012156678372267,0.002767745406036961,0.06686831195531484,0.19023438248051772,0.04557830571731701,0.0023963937641241066,0.0016528572144321378,0.016911845394184027,0.1148019993615119,0.012685521328727894,0.0009556463345666065,0.0028370887003486677,0.0007526961877016851,0.0007795068039241235,0.0028474193127674126,0.0009270320425225507,0.00019110353627210222,0.020848166371514994,0.004351797484853483,0.025929447455848277,0.0005505846788193845
전북특별자치도,부안군,  면적(㎡)  ,540788585.7,3192582.1599999997,84839.88999999998,319927.00999999995,2003987.7900000003,0.0,213984.60000000003,0.0,115364.55,0.0,29666177.21,2216.52,42523.34999999999,171056.13,3589420.73,117511784.36,25010909.64,7895191.619999999,41371652.14,4136208.1800000006,1836421.12,1954674.29,493423.37,49137445.92,74147152.89,42078551.86,3335623.4699999997,0.0,5828675.760000001,47392738.08,9666982.089999998,4453902.43,428820.81,835151.64,327891.10000000003,10585379.530000001,439098.75,186244.93,23685995.95,11877800.82,16255976.269999998,512808.74
전북특별자치도,부안군,  비율(%)  ,1.0,0.005903567945812876,0.00015688180602070717,0.0005915934959793659,0.0037056769373303732,0.0,0.00039568993440018164,0.0,0.0002133265254677508,0.0,0.054857254746972735,4.0986811826490805e-06,7.863211451653978e-05,0.00031630869164626306,0.006637382564859116,0.2172970870083954,0.046248959947306816,0.014599405070246471,0.07650245074320176,0.00764847537350676,0.003395820785719664,0.0036144888070628518,0.000912414542480237,0.090862579609361,0.13710931563768763,0.07780961538885527,0.006168072992299474,0.0,0.010778104261308192,0.08763635056878012,0.017875713995492336,0.008235940158083849,0.0007929546246708068,0.001544321870105625,0.0006063203045892246,0.019573969957776053,0.0008119600923744126,0.0003443950832633115,0.04379899386992553,0.021963852666426573,0.0300597621692739,0.0009482610276180612
제주특별자치도,제주시,  면적(㎡)  ,984463310.0700002,6724349.179999999,3063194.62,603479.28,9649806.97,0.0,1992808.0599999996,59466.490000000005,774646.66,58.4,75801933.6,1773.5,127591.7,907637.68,2916472.789999999,0.0,1787160.38,0.0,233280361.94000003,21836661.22,69879430.49,2069648.9100000001,476556.38,175499086.83999997,120239278.58999999,27758195.229999997,4047821.21,6975597.26,16620866.87,163511943.23999998,3392799.8699999996,10862.1,0.0,436904.75,133391.36000000002,7023246.259999999,769580.38,446664.26000000007,22517999.11,212098.62999999998,2393974.29,519961.56999999995
제주특별자치도,제주시,  비율(%)  ,1.0,0.006830472107205158,0.0031115376151318345,0.0006130033225484957,0.009802099145080229,0.0,0.0020242583340747368,6.040498349884837e-05,0.0007868720470089626,5.932166227286568e-08,0.07699823124399639,1.8014891787830014e-06,0.00012960533794898624,0.0009219619164227284,0.0029625002376092854,0.0,0.0018153651453733954,0.0,0.2369619665393245,0.022181284966777792,0.07098225985184885,0.002102311877781243,0.00048407733952636034,0.17826879381367816,0.12213688144604433,0.02819627196469745,0.00411170347192744,0.007085685356322726,0.016883175533294555,0.16609247045313805,0.0034463446583486742,1.1033524448186546e-05,0.0,0.00044379993193340435,0.00013549652753490146,0.007134086347515187,0.0007817258115442404,0.00045371346542944304,0.022873375655207362,0.0002154459468732448,0.002431755724679853,0.0005281675453837159
제주특별자치도,서귀포시,  면적(㎡)  ,881790572.21,4986768.239999999,1146578.5,216182.94,6700533.74,0.0,1553651.7200000002,7961.38,529145.71,0.0,53189987.74,2787.55,58276.39000000001,460806.77,3204159.9500000007,0.0,504969.35,13966.11,158986889.4,50134674.58999999,117500307.98,1875835.0599999998,452887.45,156139553.87,81781879.89,53739441.03,6154091.169999999,5931751.2,8776149.899999999,129344689.83,3842846.67,0.0,0.0,1775408.6699999997,527200.6200000001,9893851.799999999,433928.63,307093.44999999995,18293230.83,552478.97,1877712.1300000001,892892.9800000001
제주특별자치도,서귀포시,  비율(%)  ,1.0,0.005655275070022399,0.0013002843715218813,0.0002451635873790173,0.007598781333312164,0.0,0.0017619282502716474,9.02865175803216e-06,0.0006000809338138206,0.0,0.06032043142249961,3.1612381531973787e-06,6.608869706323121e-05,0.0005225807402829184,0.0036336972190228,0.0,0.0005726635846586718,1.5838352597711767e-05,0.18030005583019207,0.05685553482880777,0.13325194403645438,0.0021273022405974037,0.0005135997869255332,0.17707101753046992,0.09274524186058489,0.06094354229181059,0.006979084789459952,0.006726938784493312,0.009952646554163818,0.14668413782858672,0.004358003806242577,0.0,0.0,0.0020134130778358818,0.0005978750925842813,0.011220183240566287,0.0004920994209684736,0.0003482612081351048,0.02074555048162097,0.0006265421602493909,0.0021294309433292735,0.0010125907535642783
